ozone,dzone,fare
1,1,1.45151
1,2,1.45151
1,3,1.45151
1,4,10.6884
1,5,12.6677
1,6,10.6884
1,7,10.6884
1,8,9.36882
1,9,10.0286
1,10,8.70904
1,11,8.04926
1,12,7.38949
1,13,8.70904
1,14,6.72971
1,15,10.6884
1,16,7.38949
1,17,8.70904
1,18,10.6884
1,19,10.0286
1,20,6.06994
1,21,4.75039
1,22,5.41016
1,23,6.06994
1,24,6.72971
1,25,6.06994
1,26,8.70904
1,27,8.04926
1,28,6.72971
1,29,7.38949
1,30,7.38949
1,31,5.41016
1,32,6.06994
1,33,5.41016
1,34,4.75039
1,35,4.09061
1,36,3.43083
1,37,4.09061
1,38,4.75039
1,39,4.75039
1,40,3.43083
1,41,3.43083
1,42,4.09061
1,43,2.77106
1,44,1.45151
1,45,2.11128
1,46,2.77106
1,47,2.77106
1,48,2.11128
1,49,2.77106
1,50,2.11128
1,51,1.45151
1,52,1.45151
1,53,1.45151
1,54,3.43083
1,55,4.75039
1,56,4.09061
1,57,10.0286
1,58,13.9872
1,59,13.3275
1,60,9.36882
1,61,12.0079
1,62,10.0286
1,63,6.06994
1,64,1.45151
1,65,2.77106
1,66,2.11128
1,67,2.77106
1,68,2.77106
1,69,1.45151
1,70,1.45151
1,71,3.43083
1,72,2.77106
1,73,2.11128
1,74,2.77106
1,75,2.11128
1,76,2.77106
1,77,3.43083
1,78,6.06994
1,79,2.11128
2,1,1.45151
2,2,1.45151
2,3,2.77106
2,4,13.9872
2,5,14.647
2,6,13.9872
2,7,13.3275
2,8,12.6677
2,9,13.3275
2,10,12.0079
2,11,11.3481
2,12,10.6884
2,13,10.6884
2,14,10.0286
2,15,9.36882
2,16,8.70904
2,17,9.36882
2,18,10.0286
2,19,9.36882
2,20,5.41016
2,21,4.09061
2,22,4.75039
2,23,5.41016
2,24,6.06994
2,25,6.06994
2,26,8.70904
2,27,8.04926
2,28,6.72971
2,29,7.38949
2,30,8.04926
2,31,6.06994
2,32,6.72971
2,33,6.06994
2,34,5.41016
2,35,4.75039
2,36,4.09061
2,37,3.43083
2,38,4.09061
2,39,4.09061
2,40,7.38949
2,41,2.77106
2,42,4.09061
2,43,2.77106
2,44,2.11128
2,45,2.11128
2,46,2.11128
2,47,3.43083
2,48,2.77106
2,49,2.77106
2,50,2.11128
2,51,2.11128
2,52,2.11128
2,53,2.11128
2,54,4.09061
2,55,5.41016
2,56,4.75039
2,57,8.70904
2,58,15.9666
2,59,15.3068
2,60,11.3481
2,61,11.3481
2,62,9.36882
2,63,6.72971
2,64,1.45151
2,65,3.43083
2,66,2.77106
2,67,3.43083
2,68,2.11128
2,69,1.45151
2,70,1.45151
2,71,3.43083
2,72,2.77106
2,73,2.11128
2,74,2.77106
2,75,2.77106
2,76,3.43083
2,77,4.09061
2,78,4.75039
2,79,2.11128
3,1,1.45151
3,2,2.77106
3,3,1.45151
3,4,12.0079
3,5,12.6677
3,6,12.0079
3,7,11.3481
3,8,10.6884
3,9,11.3481
3,10,10.0286
3,11,9.36882
3,12,8.70904
3,13,8.70904
3,14,8.04926
3,15,7.38949
3,16,6.72971
3,17,7.38949
3,18,10.0286
3,19,9.36882
3,20,5.41016
3,21,4.09061
3,22,4.75039
3,23,5.41016
3,24,6.06994
3,25,6.06994
3,26,8.70904
3,27,8.04926
3,28,6.72971
3,29,7.38949
3,30,6.06994
3,31,6.06994
3,32,6.72971
3,33,6.06994
3,34,5.41016
3,35,4.75039
3,36,4.09061
3,37,3.43083
3,38,4.09061
3,39,8.04926
3,40,6.72971
3,41,3.43083
3,42,3.43083
3,43,2.11128
3,44,2.11128
3,45,1.45151
3,46,2.11128
3,47,3.43083
3,48,2.77106
3,49,3.43083
3,50,2.77106
3,51,2.77106
3,52,2.77106
3,53,2.11128
3,54,4.75039
3,55,6.06994
3,56,5.41016
3,57,6.72971
3,58,13.9872
3,59,13.3275
3,60,9.36882
3,61,11.3481
3,62,9.36882
3,63,6.72971
3,64,1.45151
3,65,4.09061
3,66,4.75039
3,67,5.41016
3,68,3.43083
3,69,2.77106
3,70,1.45151
3,71,3.43083
3,72,2.77106
3,73,2.11128
3,74,2.77106
3,75,1.45151
3,76,1.45151
3,77,2.11128
3,78,2.77106
3,79,3.43083
4,1,10.6884
4,2,13.9872
4,3,12.0079
4,4,1.45151
4,5,1.45151
4,6,1.45151
4,7,1.45151
4,8,2.11128
4,9,2.11128
4,10,2.77106
4,11,2.77106
4,12,3.43083
4,13,4.75039
4,14,4.09061
4,15,6.06994
4,16,5.41016
4,17,4.09061
4,18,4.09061
4,19,4.75039
4,20,8.70904
4,21,10.0286
4,22,9.36882
4,23,6.06994
4,24,4.75039
4,25,6.06994
4,26,7.38949
4,27,6.72971
4,28,6.06994
4,29,6.72971
4,30,5.41016
4,31,8.04926
4,32,13.9872
4,33,13.3275
4,34,12.6677
4,35,12.0079
4,36,11.3481
4,37,10.6884
4,38,10.0286
4,39,6.72971
4,40,8.04926
4,41,7.38949
4,42,10.0286
4,43,8.04926
4,44,10.0286
4,45,10.6884
4,46,9.36882
4,47,11.3481
4,48,12.0079
4,49,11.3481
4,50,10.6884
4,51,11.3481
4,52,12.0079
4,53,11.3481
4,54,14.647
4,55,15.9666
4,56,15.3068
4,57,5.41016
4,58,2.77106
4,59,2.11128
4,60,5.41016
4,61,5.41016
4,62,4.75039
4,63,7.38949
4,64,9.36882
4,65,13.9872
4,66,13.3275
4,67,13.3275
4,68,14.647
4,69,13.9872
4,70,12.6677
4,71,10.0286
4,72,9.36882
4,73,8.70904
4,74,8.04926
4,75,11.3481
4,76,10.6884
4,77,7.38949
4,78,6.72971
4,79,14.647
5,1,12.6677
5,2,14.647
5,3,12.6677
5,4,1.45151
5,5,1.45151
5,6,1.45151
5,7,1.45151
5,8,2.11128
5,9,1.45151
5,10,2.77106
5,11,3.43083
5,12,4.09061
5,13,5.41016
5,14,4.75039
5,15,6.72971
5,16,6.06994
5,17,2.11128
5,18,3.43083
5,19,2.77106
5,20,6.72971
5,21,8.04926
5,22,7.38949
5,23,4.09061
5,24,4.09061
5,25,4.09061
5,26,6.72971
5,27,6.06994
5,28,5.41016
5,29,6.06994
5,30,6.06994
5,31,7.38949
5,32,12.0079
5,33,11.3481
5,34,10.6884
5,35,10.0286
5,36,9.36882
5,37,8.70904
5,38,8.04926
5,39,7.38949
5,40,8.70904
5,41,9.36882
5,42,10.6884
5,43,8.70904
5,44,11.3481
5,45,11.3481
5,46,9.36882
5,47,9.36882
5,48,10.0286
5,49,12.0079
5,50,11.3481
5,51,12.0079
5,52,13.9872
5,53,13.3275
5,54,15.3068
5,55,16.6264
5,56,15.9666
5,57,6.06994
5,58,1.45151
5,59,1.45151
5,60,6.06994
5,61,4.75039
5,62,4.09061
5,63,6.72971
5,64,11.3481
5,65,14.647
5,66,13.9872
5,67,14.647
5,68,15.3068
5,69,14.647
5,70,13.3275
5,71,10.6884
5,72,10.0286
5,73,9.36882
5,74,8.70904
5,75,12.0079
5,76,11.3481
5,77,8.04926
5,78,7.38949
5,79,15.3068
6,1,10.6884
6,2,13.9872
6,3,12.0079
6,4,1.45151
6,5,1.45151
6,6,1.45151
6,7,1.45151
6,8,1.45151
6,9,1.45151
6,10,2.11128
6,11,2.77106
6,12,3.43083
6,13,4.75039
6,14,4.09061
6,15,6.06994
6,16,5.41016
6,17,3.43083
6,18,3.43083
6,19,4.09061
6,20,8.04926
6,21,9.36882
6,22,8.70904
6,23,5.41016
6,24,4.09061
6,25,5.41016
6,26,6.72971
6,27,6.06994
6,28,5.41016
6,29,6.06994
6,30,5.41016
6,31,7.38949
6,32,13.3275
6,33,12.6677
6,34,12.0079
6,35,11.3481
6,36,10.6884
6,37,10.0286
6,38,9.36882
6,39,6.72971
6,40,8.04926
6,41,7.38949
6,42,10.0286
6,43,8.04926
6,44,10.0286
6,45,10.6884
6,46,9.36882
6,47,10.6884
6,48,11.3481
6,49,11.3481
6,50,10.6884
6,51,11.3481
6,52,12.0079
6,53,11.3481
6,54,14.647
6,55,15.9666
6,56,15.3068
6,57,5.41016
6,58,2.11128
6,59,1.45151
6,60,5.41016
6,61,4.75039
6,62,4.09061
6,63,6.72971
6,64,9.36882
6,65,13.9872
6,66,13.3275
6,67,13.3275
6,68,14.647
6,69,13.9872
6,70,12.6677
6,71,10.0286
6,72,9.36882
6,73,8.70904
6,74,8.04926
6,75,11.3481
6,76,10.6884
6,77,7.38949
6,78,6.72971
6,79,14.647
7,1,10.6884
7,2,13.3275
7,3,11.3481
7,4,1.45151
7,5,1.45151
7,6,1.45151
7,7,1.45151
7,8,1.45151
7,9,1.45151
7,10,1.45151
7,11,2.77106
7,12,2.77106
7,13,4.09061
7,14,3.43083
7,15,5.41016
7,16,4.75039
7,17,2.11128
7,18,2.77106
7,19,2.11128
7,20,6.06994
7,21,7.38949
7,22,6.72971
7,23,3.43083
7,24,3.43083
7,25,3.43083
7,26,6.06994
7,27,5.41016
7,28,4.75039
7,29,5.41016
7,30,5.41016
7,31,6.72971
7,32,11.3481
7,33,10.6884
7,34,10.0286
7,35,9.36882
7,36,8.70904
7,37,8.04926
7,38,7.38949
7,39,6.72971
7,40,8.04926
7,41,7.38949
7,42,10.0286
7,43,8.04926
7,44,10.0286
7,45,10.6884
7,46,8.70904
7,47,8.70904
7,48,9.36882
7,49,11.3481
7,50,10.6884
7,51,11.3481
7,52,12.0079
7,53,11.3481
7,54,14.647
7,55,15.9666
7,56,15.3068
7,57,4.75039
7,58,2.11128
7,59,1.45151
7,60,4.75039
7,61,4.09061
7,62,3.43083
7,63,6.06994
7,64,9.36882
7,65,13.9872
7,66,13.3275
7,67,13.3275
7,68,13.9872
7,69,13.3275
7,70,12.0079
7,71,9.36882
7,72,8.70904
7,73,8.04926
7,74,7.38949
7,75,10.6884
7,76,10.0286
7,77,6.72971
7,78,6.06994
7,79,13.9872
8,1,9.36882
8,2,12.6677
8,3,10.6884
8,4,2.11128
8,5,2.11128
8,6,1.45151
8,7,1.45151
8,8,1.45151
8,9,1.45151
8,10,1.45151
8,11,1.45151
8,12,2.11128
8,13,3.43083
8,14,2.77106
8,15,4.75039
8,16,4.09061
8,17,1.45151
8,18,2.77106
8,19,2.11128
8,20,6.06994
8,21,7.38949
8,22,6.72971
8,23,3.43083
8,24,3.43083
8,25,3.43083
8,26,6.06994
8,27,5.41016
8,28,4.75039
8,29,5.41016
8,30,4.09061
8,31,6.72971
8,32,11.3481
8,33,10.6884
8,34,10.0286
8,35,9.36882
8,36,8.70904
8,37,8.04926
8,38,7.38949
8,39,5.41016
8,40,6.72971
8,41,6.06994
8,42,8.70904
8,43,6.72971
8,44,8.70904
8,45,9.36882
8,46,8.04926
8,47,8.70904
8,48,9.36882
8,49,10.0286
8,50,9.36882
8,51,10.0286
8,52,10.6884
8,53,10.0286
8,54,13.3275
8,55,14.647
8,56,13.9872
8,57,4.09061
8,58,3.43083
8,59,2.11128
8,60,4.09061
8,61,4.09061
8,62,3.43083
8,63,6.06994
8,64,8.04926
8,65,12.6677
8,66,12.0079
8,67,12.0079
8,68,13.3275
8,69,12.6677
8,70,11.3481
8,71,8.70904
8,72,8.04926
8,73,7.38949
8,74,6.72971
8,75,10.0286
8,76,9.36882
8,77,6.06994
8,78,5.41016
8,79,13.3275
9,1,10.0286
9,2,13.3275
9,3,11.3481
9,4,2.11128
9,5,1.45151
9,6,1.45151
9,7,1.45151
9,8,1.45151
9,9,1.45151
9,10,1.45151
9,11,2.11128
9,12,2.77106
9,13,4.09061
9,14,3.43083
9,15,4.75039
9,16,4.09061
9,17,1.45151
9,18,2.11128
9,19,1.45151
9,20,5.41016
9,21,6.72971
9,22,6.06994
9,23,2.77106
9,24,2.77106
9,25,2.77106
9,26,5.41016
9,27,4.75039
9,28,4.09061
9,29,4.75039
9,30,4.75039
9,31,6.06994
9,32,10.6884
9,33,10.0286
9,34,9.36882
9,35,8.70904
9,36,8.04926
9,37,7.38949
9,38,6.72971
9,39,6.06994
9,40,7.38949
9,41,6.72971
9,42,9.36882
9,43,7.38949
9,44,9.36882
9,45,10.0286
9,46,8.04926
9,47,8.04926
9,48,8.70904
9,49,10.6884
9,50,10.0286
9,51,10.6884
9,52,11.3481
9,53,10.6884
9,54,13.9872
9,55,15.3068
9,56,14.647
9,57,4.75039
9,58,2.77106
9,59,2.11128
9,60,4.75039
9,61,3.43083
9,62,2.77106
9,63,5.41016
9,64,8.70904
9,65,13.3275
9,66,12.6677
9,67,12.6677
9,68,13.9872
9,69,13.3275
9,70,12.0079
9,71,9.36882
9,72,8.70904
9,73,8.04926
9,74,7.38949
9,75,10.6884
9,76,10.0286
9,77,6.72971
9,78,6.06994
9,79,13.9872
10,1,8.70904
10,2,12.0079
10,3,10.0286
10,4,2.77106
10,5,2.77106
10,6,2.11128
10,7,1.45151
10,8,1.45151
10,9,1.45151
10,10,1.45151
10,11,1.45151
10,12,1.45151
10,13,2.77106
10,14,2.11128
10,15,4.09061
10,16,3.43083
10,17,1.45151
10,18,2.11128
10,19,1.45151
10,20,5.41016
10,21,6.72971
10,22,6.06994
10,23,2.77106
10,24,2.77106
10,25,2.77106
10,26,5.41016
10,27,4.75039
10,28,4.09061
10,29,4.75039
10,30,3.43083
10,31,6.06994
10,32,10.6884
10,33,10.0286
10,34,9.36882
10,35,8.70904
10,36,8.04926
10,37,7.38949
10,38,6.72971
10,39,4.75039
10,40,6.06994
10,41,5.41016
10,42,8.04926
10,43,6.06994
10,44,8.04926
10,45,8.70904
10,46,7.38949
10,47,8.04926
10,48,8.70904
10,49,9.36882
10,50,8.70904
10,51,9.36882
10,52,10.0286
10,53,9.36882
10,54,12.6677
10,55,13.9872
10,56,13.3275
10,57,3.43083
10,58,3.43083
10,59,2.77106
10,60,3.43083
10,61,3.43083
10,62,2.77106
10,63,5.41016
10,64,7.38949
10,65,12.0079
10,66,11.3481
10,67,11.3481
10,68,12.6677
10,69,12.0079
10,70,10.6884
10,71,8.04926
10,72,7.38949
10,73,6.72971
10,74,6.06994
10,75,9.36882
10,76,8.70904
10,77,5.41016
10,78,4.75039
10,79,12.6677
11,1,8.04926
11,2,11.3481
11,3,9.36882
11,4,2.77106
11,5,3.43083
11,6,2.77106
11,7,2.77106
11,8,1.45151
11,9,2.11128
11,10,1.45151
11,11,1.45151
11,12,1.45151
11,13,2.11128
11,14,1.45151
11,15,2.77106
11,16,2.11128
11,17,1.45151
11,18,2.77106
11,19,2.11128
11,20,6.06994
11,21,7.38949
11,22,6.72971
11,23,3.43083
11,24,2.77106
11,25,3.43083
11,26,6.06994
11,27,5.41016
11,28,4.75039
11,29,5.41016
11,30,2.77106
11,31,6.72971
11,32,11.3481
11,33,10.6884
11,34,10.0286
11,35,9.36882
11,36,8.70904
11,37,8.04926
11,38,7.38949
11,39,4.09061
11,40,5.41016
11,41,4.75039
11,42,7.38949
11,43,5.41016
11,44,7.38949
11,45,8.04926
11,46,6.72971
11,47,5.41016
11,48,7.38949
11,49,8.70904
11,50,8.04926
11,51,8.70904
11,52,9.36882
11,53,8.70904
11,54,12.0079
11,55,13.3275
11,56,12.6677
11,57,2.77106
11,58,4.75039
11,59,4.09061
11,60,2.77106
11,61,4.09061
11,62,3.43083
11,63,6.06994
11,64,6.72971
11,65,11.3481
11,66,10.6884
11,67,10.6884
11,68,12.0079
11,69,11.3481
11,70,10.0286
11,71,7.38949
11,72,6.72971
11,73,6.06994
11,74,5.41016
11,75,8.70904
11,76,8.04926
11,77,4.75039
11,78,4.09061
11,79,12.0079
12,1,7.38949
12,2,10.6884
12,3,8.70904
12,4,3.43083
12,5,4.09061
12,6,3.43083
12,7,2.77106
12,8,2.11128
12,9,2.77106
12,10,1.45151
12,11,1.45151
12,12,1.45151
12,13,1.45151
12,14,1.45151
12,15,2.11128
12,16,1.45151
12,17,2.11128
12,18,2.77106
12,19,2.11128
12,20,4.09061
12,21,6.06994
12,22,6.72971
12,23,3.43083
12,24,2.77106
12,25,3.43083
12,26,6.06994
12,27,5.41016
12,28,4.75039
12,29,5.41016
12,30,2.11128
12,31,7.38949
12,32,8.70904
12,33,7.38949
12,34,6.72971
12,35,6.06994
12,36,5.41016
12,37,4.75039
12,38,4.09061
12,39,3.43083
12,40,4.75039
12,41,4.09061
12,42,6.72971
12,43,4.75039
12,44,6.72971
12,45,7.38949
12,46,6.06994
12,47,4.75039
12,48,6.72971
12,49,8.04926
12,50,7.38949
12,51,8.04926
12,52,8.70904
12,53,8.04926
12,54,11.3481
12,55,12.6677
12,56,12.0079
12,57,2.11128
12,58,5.41016
12,59,4.75039
12,60,2.11128
12,61,4.09061
12,62,3.43083
12,63,6.06994
12,64,6.06994
12,65,10.6884
12,66,10.0286
12,67,10.0286
12,68,11.3481
12,69,10.6884
12,70,9.36882
12,71,6.06994
12,72,5.41016
12,73,5.41016
12,74,4.75039
12,75,8.04926
12,76,7.38949
12,77,4.09061
12,78,3.43083
12,79,11.3481
13,1,8.70904
13,2,10.6884
13,3,8.70904
13,4,4.75039
13,5,5.41016
13,6,4.75039
13,7,4.09061
13,8,3.43083
13,9,4.09061
13,10,2.77106
13,11,2.11128
13,12,1.45151
13,13,1.45151
13,14,1.45151
13,15,2.11128
13,16,1.45151
13,17,3.43083
13,18,4.09061
13,19,3.43083
13,20,4.75039
13,21,6.72971
13,22,6.72971
13,23,6.06994
13,24,4.09061
13,25,7.38949
13,26,7.38949
13,27,6.72971
13,28,6.06994
13,29,6.72971
13,30,2.11128
13,31,8.04926
13,32,9.36882
13,33,8.04926
13,34,7.38949
13,35,6.72971
13,36,6.06994
13,37,5.41016
13,38,4.75039
13,39,4.09061
13,40,4.75039
13,41,4.09061
13,42,6.06994
13,43,6.06994
13,44,8.04926
13,45,6.72971
13,46,6.06994
13,47,5.41016
13,48,6.72971
13,49,9.36882
13,50,8.70904
13,51,9.36882
13,52,10.0286
13,53,9.36882
13,54,12.6677
13,55,13.9872
13,56,13.3275
13,57,1.45151
13,58,6.06994
13,59,5.41016
13,60,1.45151
13,61,5.41016
13,62,4.75039
13,63,7.38949
13,64,7.38949
13,65,12.0079
13,66,11.3481
13,67,11.3481
13,68,11.3481
13,69,10.6884
13,70,9.36882
13,71,6.06994
13,72,5.41016
13,73,4.75039
13,74,4.09061
13,75,8.04926
13,76,7.38949
13,77,3.43083
13,78,2.77106
13,79,11.3481
14,1,6.72971
14,2,10.0286
14,3,8.04926
14,4,4.09061
14,5,4.75039
14,6,4.09061
14,7,3.43083
14,8,2.77106
14,9,3.43083
14,10,2.11128
14,11,1.45151
14,12,1.45151
14,13,1.45151
14,14,1.45151
14,15,1.45151
14,16,1.45151
14,17,2.11128
14,18,3.43083
14,19,2.77106
14,20,4.09061
14,21,6.06994
14,22,6.06994
14,23,5.41016
14,24,3.43083
14,25,6.72971
14,26,6.72971
14,27,6.06994
14,28,5.41016
14,29,8.70904
14,30,1.45151
14,31,7.38949
14,32,8.70904
14,33,7.38949
14,34,6.72971
14,35,6.06994
14,36,5.41016
14,37,4.75039
14,38,4.09061
14,39,3.43083
14,40,4.09061
14,41,3.43083
14,42,6.06994
14,43,4.09061
14,44,6.06994
14,45,6.72971
14,46,5.41016
14,47,4.75039
14,48,6.06994
14,49,7.38949
14,50,6.72971
14,51,7.38949
14,52,8.04926
14,53,7.38949
14,54,10.6884
14,55,12.0079
14,56,11.3481
14,57,1.45151
14,58,6.06994
14,59,5.41016
14,60,1.45151
14,61,4.75039
14,62,4.09061
14,63,8.04926
14,64,5.41016
14,65,10.0286
14,66,9.36882
14,67,9.36882
14,68,10.6884
14,69,10.0286
14,70,8.70904
14,71,6.06994
14,72,5.41016
14,73,4.75039
14,74,4.09061
14,75,7.38949
14,76,6.72971
14,77,3.43083
14,78,2.77106
14,79,10.6884
15,1,10.6884
15,2,9.36882
15,3,7.38949
15,4,6.06994
15,5,6.72971
15,6,6.06994
15,7,5.41016
15,8,4.75039
15,9,4.75039
15,10,4.09061
15,11,2.77106
15,12,2.11128
15,13,2.11128
15,14,1.45151
15,15,1.45151
15,16,1.45151
15,17,4.09061
15,18,5.41016
15,19,4.75039
15,20,5.41016
15,21,7.38949
15,22,7.38949
15,23,6.72971
15,24,7.38949
15,25,8.04926
15,26,10.6884
15,27,10.0286
15,28,9.36882
15,29,10.0286
15,30,2.77106
15,31,8.70904
15,32,10.0286
15,33,9.36882
15,34,8.70904
15,35,7.38949
15,36,6.72971
15,37,6.06994
15,38,5.41016
15,39,4.75039
15,40,5.41016
15,41,4.75039
15,42,7.38949
15,43,8.04926
15,44,10.0286
15,45,8.04926
15,46,6.72971
15,47,6.06994
15,48,7.38949
15,49,11.3481
15,50,10.6884
15,51,11.3481
15,52,12.0079
15,53,11.3481
15,54,14.647
15,55,15.9666
15,56,15.3068
15,57,1.45151
15,58,7.38949
15,59,6.72971
15,60,2.77106
15,61,6.72971
15,62,6.06994
15,63,9.36882
15,64,9.36882
15,65,13.9872
15,66,13.3275
15,67,13.3275
15,68,6.72971
15,69,6.06994
15,70,5.41016
15,71,5.41016
15,72,4.75039
15,73,4.09061
15,74,3.43083
15,75,4.09061
15,76,6.06994
15,77,2.77106
15,78,2.11128
15,79,10.0286
16,1,7.38949
16,2,8.70904
16,3,6.72971
16,4,5.41016
16,5,6.06994
16,6,5.41016
16,7,4.75039
16,8,4.09061
16,9,4.09061
16,10,3.43083
16,11,2.11128
16,12,1.45151
16,13,1.45151
16,14,1.45151
16,15,1.45151
16,16,1.45151
16,17,3.43083
16,18,4.75039
16,19,4.09061
16,20,4.75039
16,21,6.72971
16,22,6.72971
16,23,6.06994
16,24,6.72971
16,25,7.38949
16,26,10.0286
16,27,9.36882
16,28,8.70904
16,29,9.36882
16,30,2.11128
16,31,8.04926
16,32,10.0286
16,33,9.36882
16,34,8.70904
16,35,6.72971
16,36,6.06994
16,37,5.41016
16,38,4.75039
16,39,4.09061
16,40,4.75039
16,41,4.09061
16,42,4.75039
16,43,4.75039
16,44,6.72971
16,45,5.41016
16,46,4.75039
16,47,6.06994
16,48,6.72971
16,49,8.04926
16,50,7.38949
16,51,8.04926
16,52,8.70904
16,53,8.04926
16,54,11.3481
16,55,12.6677
16,56,12.0079
16,57,1.45151
16,58,6.72971
16,59,6.06994
16,60,2.11128
16,61,6.06994
16,62,5.41016
16,63,8.70904
16,64,6.06994
16,65,10.6884
16,66,10.0286
16,67,10.0286
16,68,9.36882
16,69,8.70904
16,70,7.38949
16,71,4.75039
16,72,4.09061
16,73,3.43083
16,74,2.77106
16,75,6.06994
16,76,5.41016
16,77,2.11128
16,78,1.45151
16,79,9.36882
17,1,8.70904
17,2,9.36882
17,3,7.38949
17,4,4.09061
17,5,2.11128
17,6,3.43083
17,7,2.11128
17,8,1.45151
17,9,1.45151
17,10,1.45151
17,11,1.45151
17,12,2.11128
17,13,3.43083
17,14,2.11128
17,15,4.09061
17,16,3.43083
17,17,1.45151
17,18,1.45151
17,19,1.45151
17,20,4.75039
17,21,6.06994
17,22,5.41016
17,23,2.11128
17,24,2.11128
17,25,2.11128
17,26,4.75039
17,27,4.09061
17,28,3.43083
17,29,4.09061
17,30,3.43083
17,31,5.41016
17,32,10.0286
17,33,9.36882
17,34,8.70904
17,35,8.04926
17,36,7.38949
17,37,6.72971
17,38,6.06994
17,39,4.75039
17,40,6.06994
17,41,5.41016
17,42,8.04926
17,43,6.06994
17,44,9.36882
17,45,8.70904
17,46,7.38949
17,47,7.38949
17,48,8.04926
17,49,10.0286
17,50,9.36882
17,51,10.0286
17,52,10.0286
17,53,9.36882
17,54,13.3275
17,55,14.647
17,56,13.9872
17,57,3.43083
17,58,3.43083
17,59,2.77106
17,60,4.09061
17,61,2.77106
17,62,2.11128
17,63,4.75039
17,64,7.38949
17,65,12.6677
17,66,12.0079
17,67,11.3481
17,68,10.0286
17,69,9.36882
17,70,8.04926
17,71,8.04926
17,72,7.38949
17,73,6.72971
17,74,6.06994
17,75,6.72971
17,76,6.06994
17,77,5.41016
17,78,4.75039
17,79,10.0286
18,1,10.6884
18,2,10.0286
18,3,10.0286
18,4,4.09061
18,5,3.43083
18,6,3.43083
18,7,2.77106
18,8,2.77106
18,9,2.11128
18,10,2.11128
18,11,2.77106
18,12,2.77106
18,13,4.09061
18,14,3.43083
18,15,5.41016
18,16,4.75039
18,17,1.45151
18,18,1.45151
18,19,1.45151
18,20,4.75039
18,21,6.06994
18,22,2.77106
18,23,2.11128
18,24,1.45151
18,25,1.45151
18,26,3.43083
18,27,2.77106
18,28,2.11128
18,29,2.77106
18,30,4.09061
18,31,4.09061
18,32,10.0286
18,33,4.75039
18,34,8.70904
18,35,8.04926
18,36,7.38949
18,37,6.72971
18,38,6.06994
18,39,6.72971
18,40,8.04926
18,41,7.38949
18,42,8.04926
18,43,8.70904
18,44,9.36882
18,45,8.70904
18,46,7.38949
18,47,7.38949
18,48,8.04926
18,49,10.0286
18,50,9.36882
18,51,10.0286
18,52,12.0079
18,53,11.3481
18,54,13.3275
18,55,14.647
18,56,13.9872
18,57,6.06994
18,58,4.75039
18,59,4.09061
18,60,4.75039
18,61,1.45151
18,62,1.45151
18,63,3.43083
18,64,9.36882
18,65,12.6677
18,66,12.0079
18,67,12.6677
18,68,12.0079
18,69,12.0079
18,70,11.3481
18,71,10.6884
18,72,10.0286
18,73,9.36882
18,74,8.70904
18,75,8.70904
18,76,8.04926
18,77,8.04926
18,78,7.38949
18,79,12.6677
19,1,10.0286
19,2,9.36882
19,3,9.36882
19,4,4.75039
19,5,2.77106
19,6,4.09061
19,7,2.11128
19,8,2.11128
19,9,1.45151
19,10,1.45151
19,11,2.11128
19,12,2.11128
19,13,3.43083
19,14,2.77106
19,15,4.75039
19,16,4.09061
19,17,1.45151
19,18,1.45151
19,19,1.45151
19,20,4.09061
19,21,5.41016
19,22,4.75039
19,23,1.45151
19,24,1.45151
19,25,1.45151
19,26,4.09061
19,27,3.43083
19,28,2.77106
19,29,3.43083
19,30,4.09061
19,31,4.75039
19,32,9.36882
19,33,8.70904
19,34,8.04926
19,35,7.38949
19,36,6.72971
19,37,6.06994
19,38,5.41016
19,39,6.06994
19,40,7.38949
19,41,6.72971
19,42,7.38949
19,43,8.04926
19,44,8.70904
19,45,8.04926
19,46,6.72971
19,47,6.72971
19,48,7.38949
19,49,9.36882
19,50,8.70904
19,51,9.36882
19,52,11.3481
19,53,10.6884
19,54,12.6677
19,55,13.9872
19,56,13.3275
19,57,4.09061
19,58,4.09061
19,59,3.43083
19,60,4.09061
19,61,2.11128
19,62,1.45151
19,63,4.09061
19,64,8.70904
19,65,12.0079
19,66,11.3481
19,67,12.0079
19,68,11.3481
19,69,11.3481
19,70,10.6884
19,71,8.70904
19,72,8.04926
19,73,7.38949
19,74,6.72971
19,75,7.38949
19,76,6.72971
19,77,6.06994
19,78,5.41016
19,79,12.0079
20,1,6.06994
20,2,5.41016
20,3,5.41016
20,4,8.70904
20,5,6.72971
20,6,8.04926
20,7,6.06994
20,8,6.06994
20,9,5.41016
20,10,5.41016
20,11,6.06994
20,12,4.09061
20,13,4.75039
20,14,4.09061
20,15,5.41016
20,16,4.75039
20,17,4.75039
20,18,4.75039
20,19,4.09061
20,20,1.45151
20,21,2.77106
20,22,2.11128
20,23,1.45151
20,24,2.11128
20,25,2.77106
20,26,5.41016
20,27,4.75039
20,28,4.09061
20,29,4.09061
20,30,2.77106
20,31,5.41016
20,32,6.72971
20,33,6.06994
20,34,5.41016
20,35,4.75039
20,36,4.09061
20,37,3.43083
20,38,2.11128
20,39,2.11128
20,40,3.43083
20,41,2.77106
20,42,3.43083
20,43,4.09061
20,44,5.41016
20,45,4.09061
20,46,2.77106
20,47,4.09061
20,48,4.75039
20,49,6.72971
20,50,6.06994
20,51,6.72971
20,52,7.38949
20,53,6.72971
20,54,10.0286
20,55,11.3481
20,56,10.6884
20,57,4.75039
20,58,8.04926
20,59,7.38949
20,60,5.41016
20,61,6.06994
20,62,4.75039
20,63,4.75039
20,64,4.75039
20,65,9.36882
20,66,8.70904
20,67,9.36882
20,68,7.38949
20,69,7.38949
20,70,6.72971
20,71,9.36882
20,72,8.70904
20,73,8.04926
20,74,8.04926
20,75,7.38949
20,76,6.72971
20,77,6.06994
20,78,5.41016
20,79,8.04926
21,1,4.75039
21,2,4.09061
21,3,4.09061
21,4,10.0286
21,5,8.04926
21,6,9.36882
21,7,7.38949
21,8,7.38949
21,9,6.72971
21,10,6.72971
21,11,7.38949
21,12,6.06994
21,13,6.72971
21,14,6.06994
21,15,7.38949
21,16,6.72971
21,17,6.06994
21,18,6.06994
21,19,5.41016
21,20,2.77106
21,21,1.45151
21,22,1.45151
21,23,2.11128
21,24,2.77106
21,25,1.45151
21,26,4.09061
21,27,3.43083
21,28,2.11128
21,29,2.77106
21,30,4.75039
21,31,2.77106
21,32,3.43083
21,33,2.77106
21,34,2.11128
21,35,1.45151
21,36,1.45151
21,37,1.45151
21,38,2.11128
21,39,2.11128
21,40,3.43083
21,41,2.77106
21,42,3.43083
21,43,4.75039
21,44,3.43083
21,45,2.77106
21,46,2.11128
21,47,1.45151
21,48,2.11128
21,49,4.75039
21,50,4.09061
21,51,4.75039
21,52,6.06994
21,53,5.41016
21,54,8.04926
21,55,9.36882
21,56,8.70904
21,57,6.72971
21,58,9.36882
21,59,8.70904
21,60,7.38949
21,61,7.38949
21,62,4.09061
21,63,3.43083
21,64,3.43083
21,65,7.38949
21,66,6.72971
21,67,7.38949
21,68,7.38949
21,69,6.06994
21,70,5.41016
21,71,10.0286
21,72,9.36882
21,73,8.70904
21,74,8.70904
21,75,4.75039
21,76,7.38949
21,77,6.72971
21,78,6.06994
21,79,6.72971
22,1,5.41016
22,2,4.75039
22,3,4.75039
22,4,9.36882
22,5,7.38949
22,6,8.70904
22,7,6.72971
22,8,6.72971
22,9,6.06994
22,10,6.06994
22,11,6.72971
22,12,6.72971
22,13,6.72971
22,14,6.06994
22,15,7.38949
22,16,6.72971
22,17,5.41016
22,18,2.77106
22,19,4.75039
22,20,2.11128
22,21,1.45151
22,22,1.45151
22,23,1.45151
22,24,2.11128
22,25,1.45151
22,26,3.43083
22,27,2.77106
22,28,1.45151
22,29,2.11128
22,30,4.75039
22,31,3.43083
22,32,4.09061
22,33,3.43083
22,34,2.77106
22,35,2.11128
22,36,1.45151
22,37,1.45151
22,38,3.43083
22,39,4.09061
22,40,4.09061
22,41,3.43083
22,42,4.09061
22,43,5.41016
22,44,4.09061
22,45,3.43083
22,46,2.77106
22,47,2.11128
22,48,2.77106
22,49,4.09061
22,50,4.75039
22,51,5.41016
22,52,6.72971
22,53,6.06994
22,54,8.70904
22,55,10.0286
22,56,9.36882
22,57,6.72971
22,58,8.70904
22,59,8.04926
22,60,7.38949
22,61,4.09061
22,62,3.43083
22,63,2.77106
22,64,4.09061
22,65,8.04926
22,66,7.38949
22,67,8.04926
22,68,8.04926
22,69,6.72971
22,70,6.06994
22,71,11.3481
22,72,10.6884
22,73,10.0286
22,74,10.0286
22,75,5.41016
22,76,8.70904
22,77,8.04926
22,78,7.38949
22,79,7.38949
23,1,6.06994
23,2,5.41016
23,3,5.41016
23,4,6.06994
23,5,4.09061
23,6,5.41016
23,7,3.43083
23,8,3.43083
23,9,2.77106
23,10,2.77106
23,11,3.43083
23,12,3.43083
23,13,6.06994
23,14,5.41016
23,15,6.72971
23,16,6.06994
23,17,2.11128
23,18,2.11128
23,19,1.45151
23,20,1.45151
23,21,2.11128
23,22,1.45151
23,23,1.45151
23,24,1.45151
23,25,1.45151
23,26,3.43083
23,27,2.77106
23,28,2.11128
23,29,2.77106
23,30,4.09061
23,31,4.75039
23,32,6.06994
23,33,5.41016
23,34,4.75039
23,35,4.09061
23,36,3.43083
23,37,2.77106
23,38,2.77106
23,39,3.43083
23,40,4.75039
23,41,2.77106
23,42,3.43083
23,43,4.09061
23,44,4.75039
23,45,4.09061
23,46,2.77106
23,47,3.43083
23,48,4.09061
23,49,6.06994
23,50,5.41016
23,51,6.06994
23,52,7.38949
23,53,6.72971
23,54,9.36882
23,55,10.6884
23,56,10.0286
23,57,6.06994
23,58,5.41016
23,59,4.75039
23,60,6.72971
23,61,2.77106
23,62,2.11128
23,63,3.43083
23,64,4.75039
23,65,8.70904
23,66,8.04926
23,67,8.70904
23,68,7.38949
23,69,7.38949
23,70,6.72971
23,71,10.6884
23,72,10.0286
23,73,9.36882
23,74,9.36882
23,75,8.70904
23,76,8.04926
23,77,7.38949
23,78,6.72971
23,79,8.04926
24,1,6.72971
24,2,6.06994
24,3,6.06994
24,4,4.75039
24,5,4.09061
24,6,4.09061
24,7,3.43083
24,8,3.43083
24,9,2.77106
24,10,2.77106
24,11,2.77106
24,12,2.77106
24,13,4.09061
24,14,3.43083
24,15,7.38949
24,16,6.72971
24,17,2.11128
24,18,1.45151
24,19,1.45151
24,20,2.11128
24,21,2.77106
24,22,2.11128
24,23,1.45151
24,24,1.45151
24,25,1.45151
24,26,2.77106
24,27,2.11128
24,28,1.45151
24,29,2.11128
24,30,4.75039
24,31,3.43083
24,32,6.06994
24,33,5.41016
24,34,4.75039
24,35,4.09061
24,36,3.43083
24,37,3.43083
24,38,3.43083
24,39,4.09061
24,40,5.41016
24,41,3.43083
24,42,4.09061
24,43,4.75039
24,44,5.41016
24,45,4.75039
24,46,4.09061
24,47,4.09061
24,48,4.75039
24,49,6.72971
24,50,6.06994
24,51,6.72971
24,52,8.04926
24,53,7.38949
24,54,10.0286
24,55,11.3481
24,56,10.6884
24,57,6.72971
24,58,5.41016
24,59,4.75039
24,60,4.75039
24,61,2.11128
24,62,1.45151
24,63,2.77106
24,64,5.41016
24,65,9.36882
24,66,8.70904
24,67,9.36882
24,68,8.04926
24,69,8.04926
24,70,7.38949
24,71,11.3481
24,72,10.6884
24,73,10.0286
24,74,10.0286
24,75,9.36882
24,76,8.70904
24,77,8.04926
24,78,7.38949
24,79,8.70904
25,1,6.06994
25,2,6.06994
25,3,6.06994
25,4,6.06994
25,5,4.09061
25,6,5.41016
25,7,3.43083
25,8,3.43083
25,9,2.77106
25,10,2.77106
25,11,3.43083
25,12,3.43083
25,13,7.38949
25,14,6.72971
25,15,8.04926
25,16,7.38949
25,17,2.11128
25,18,1.45151
25,19,1.45151
25,20,2.77106
25,21,1.45151
25,22,1.45151
25,23,1.45151
25,24,1.45151
25,25,1.45151
25,26,2.77106
25,27,2.11128
25,28,1.45151
25,29,1.45151
25,30,5.41016
25,31,4.09061
25,32,4.75039
25,33,4.09061
25,34,3.43083
25,35,2.77106
25,36,2.11128
25,37,2.11128
25,38,4.09061
25,39,4.75039
25,40,6.06994
25,41,4.09061
25,42,4.75039
25,43,6.72971
25,44,4.75039
25,45,4.75039
25,46,4.09061
25,47,2.77106
25,48,3.43083
25,49,4.75039
25,50,5.41016
25,51,6.06994
25,52,7.38949
25,53,6.72971
25,54,9.36882
25,55,10.6884
25,56,10.0286
25,57,7.38949
25,58,5.41016
25,59,4.75039
25,60,5.41016
25,61,2.77106
25,62,2.11128
25,63,2.11128
25,64,5.41016
25,65,8.70904
25,66,8.04926
25,67,8.70904
25,68,8.70904
25,69,8.04926
25,70,7.38949
25,71,9.36882
25,72,8.70904
25,73,8.04926
25,74,10.6884
25,75,6.72971
25,76,9.36882
25,77,8.70904
25,78,8.04926
25,79,8.04926
26,1,8.70904
26,2,8.70904
26,3,8.70904
26,4,7.38949
26,5,6.72971
26,6,6.72971
26,7,6.06994
26,8,6.06994
26,9,5.41016
26,10,5.41016
26,11,6.06994
26,12,6.06994
26,13,7.38949
26,14,6.72971
26,15,10.6884
26,16,10.0286
26,17,4.75039
26,18,3.43083
26,19,4.09061
26,20,5.41016
26,21,4.09061
26,22,3.43083
26,23,3.43083
26,24,2.77106
26,25,2.77106
26,26,1.45151
26,27,1.45151
26,28,1.45151
26,29,1.45151
26,30,8.04926
26,31,2.77106
26,32,4.09061
26,33,3.43083
26,34,3.43083
26,35,5.41016
26,36,4.75039
26,37,4.75039
26,38,6.72971
26,39,7.38949
26,40,8.70904
26,41,6.72971
26,42,7.38949
26,43,9.36882
26,44,7.38949
26,45,7.38949
26,46,6.72971
26,47,5.41016
26,48,6.06994
26,49,7.38949
26,50,8.04926
26,51,8.70904
26,52,10.0286
26,53,9.36882
26,54,12.0079
26,55,13.3275
26,56,12.6677
26,57,10.0286
26,58,8.04926
26,59,7.38949
26,60,8.04926
26,61,4.75039
26,62,4.09061
26,63,2.11128
26,64,8.04926
26,65,11.3481
26,66,10.6884
26,67,11.3481
26,68,11.3481
26,69,10.6884
26,70,10.0286
26,71,12.0079
26,72,11.3481
26,73,10.6884
26,74,13.3275
26,75,9.36882
26,76,12.0079
26,77,11.3481
26,78,10.6884
26,79,10.6884
27,1,8.04926
27,2,8.04926
27,3,8.04926
27,4,6.72971
27,5,6.06994
27,6,6.06994
27,7,5.41016
27,8,5.41016
27,9,4.75039
27,10,4.75039
27,11,5.41016
27,12,5.41016
27,13,6.72971
27,14,6.06994
27,15,10.0286
27,16,9.36882
27,17,4.09061
27,18,2.77106
27,19,3.43083
27,20,4.75039
27,21,3.43083
27,22,2.77106
27,23,2.77106
27,24,2.11128
27,25,2.11128
27,26,1.45151
27,27,1.45151
27,28,1.45151
27,29,1.45151
27,30,7.38949
27,31,2.11128
27,32,3.43083
27,33,2.77106
27,34,2.77106
27,35,4.75039
27,36,4.09061
27,37,4.09061
27,38,6.06994
27,39,6.72971
27,40,8.04926
27,41,6.06994
27,42,6.72971
27,43,8.70904
27,44,6.72971
27,45,6.72971
27,46,6.06994
27,47,4.75039
27,48,5.41016
27,49,6.72971
27,50,7.38949
27,51,8.04926
27,52,9.36882
27,53,8.70904
27,54,11.3481
27,55,12.6677
27,56,12.0079
27,57,9.36882
27,58,7.38949
27,59,6.72971
27,60,7.38949
27,61,4.09061
27,62,3.43083
27,63,1.45151
27,64,7.38949
27,65,10.6884
27,66,10.0286
27,67,10.6884
27,68,10.6884
27,69,10.0286
27,70,9.36882
27,71,11.3481
27,72,10.6884
27,73,10.0286
27,74,12.6677
27,75,8.70904
27,76,11.3481
27,77,10.6884
27,78,10.0286
27,79,10.0286
28,1,6.72971
28,2,6.72971
28,3,6.72971
28,4,6.06994
28,5,5.41016
28,6,5.41016
28,7,4.75039
28,8,4.75039
28,9,4.09061
28,10,4.09061
28,11,4.75039
28,12,4.75039
28,13,6.06994
28,14,5.41016
28,15,9.36882
28,16,8.70904
28,17,3.43083
28,18,2.11128
28,19,2.77106
28,20,4.09061
28,21,2.11128
28,22,1.45151
28,23,2.11128
28,24,1.45151
28,25,1.45151
28,26,1.45151
28,27,1.45151
28,28,1.45151
28,29,1.45151
28,30,6.72971
28,31,2.11128
28,32,3.43083
28,33,2.77106
28,34,2.77106
28,35,3.43083
28,36,2.77106
28,37,2.77106
28,38,3.43083
28,39,6.06994
28,40,5.41016
28,41,4.75039
28,42,5.41016
28,43,7.38949
28,44,5.41016
28,45,5.41016
28,46,4.75039
28,47,3.43083
28,48,4.09061
28,49,5.41016
28,50,6.06994
28,51,6.72971
28,52,8.04926
28,53,7.38949
28,54,10.0286
28,55,11.3481
28,56,10.6884
28,57,8.70904
28,58,6.72971
28,59,6.06994
28,60,6.72971
28,61,3.43083
28,62,2.77106
28,63,1.45151
28,64,6.06994
28,65,9.36882
28,66,8.70904
28,67,9.36882
28,68,9.36882
28,69,8.70904
28,70,8.04926
28,71,10.0286
28,72,9.36882
28,73,8.70904
28,74,12.0079
28,75,7.38949
28,76,10.6884
28,77,10.0286
28,78,9.36882
28,79,8.70904
29,1,7.38949
29,2,7.38949
29,3,7.38949
29,4,6.72971
29,5,6.06994
29,6,6.06994
29,7,5.41016
29,8,5.41016
29,9,4.75039
29,10,4.75039
29,11,5.41016
29,12,5.41016
29,13,6.72971
29,14,8.70904
29,15,10.0286
29,16,9.36882
29,17,4.09061
29,18,2.77106
29,19,3.43083
29,20,4.09061
29,21,2.77106
29,22,2.11128
29,23,2.77106
29,24,2.11128
29,25,1.45151
29,26,1.45151
29,27,1.45151
29,28,1.45151
29,29,1.45151
29,30,7.38949
29,31,1.45151
29,32,2.77106
29,33,2.11128
29,34,2.11128
29,35,2.77106
29,36,3.43083
29,37,3.43083
29,38,4.09061
29,39,5.41016
29,40,6.06994
29,41,5.41016
29,42,6.06994
29,43,8.04926
29,44,6.06994
29,45,6.06994
29,46,5.41016
29,47,4.09061
29,48,4.75039
29,49,6.06994
29,50,6.72971
29,51,7.38949
29,52,8.70904
29,53,8.04926
29,54,10.6884
29,55,12.0079
29,56,11.3481
29,57,9.36882
29,58,7.38949
29,59,6.72971
29,60,7.38949
29,61,4.09061
29,62,3.43083
29,63,1.45151
29,64,6.72971
29,65,10.0286
29,66,9.36882
29,67,10.0286
29,68,10.0286
29,69,9.36882
29,70,8.70904
29,71,10.6884
29,72,10.0286
29,73,9.36882
29,74,11.3481
29,75,8.04926
29,76,10.0286
29,77,9.36882
29,78,8.70904
29,79,9.36882
30,1,7.38949
30,2,8.04926
30,3,6.06994
30,4,5.41016
30,5,6.06994
30,6,5.41016
30,7,5.41016
30,8,4.09061
30,9,4.75039
30,10,3.43083
30,11,2.77106
30,12,2.11128
30,13,2.11128
30,14,1.45151
30,15,2.77106
30,16,2.11128
30,17,3.43083
30,18,4.09061
30,19,4.09061
30,20,2.77106
30,21,4.75039
30,22,4.75039
30,23,4.09061
30,24,4.75039
30,25,5.41016
30,26,8.04926
30,27,7.38949
30,28,6.72971
30,29,7.38949
30,30,1.45151
30,31,6.06994
30,32,7.38949
30,33,6.72971
30,34,6.06994
30,35,4.75039
30,36,4.09061
30,37,3.43083
30,38,2.77106
30,39,2.11128
30,40,4.09061
30,41,3.43083
30,42,6.06994
30,43,4.75039
30,44,6.06994
30,45,6.72971
30,46,4.75039
30,47,3.43083
30,48,5.41016
30,49,8.04926
30,50,7.38949
30,51,8.04926
30,52,8.70904
30,53,8.04926
30,54,11.3481
30,55,12.6677
30,56,12.0079
30,57,1.45151
30,58,7.38949
30,59,6.72971
30,60,2.77106
30,61,5.41016
30,62,4.75039
30,63,6.72971
30,64,6.06994
30,65,10.6884
30,66,10.0286
30,67,10.0286
30,68,8.70904
30,69,8.04926
30,70,6.72971
30,71,7.38949
30,72,6.72971
30,73,6.06994
30,74,4.09061
30,75,5.41016
30,76,4.75039
30,77,4.09061
30,78,3.43083
30,79,8.70904
31,1,5.41016
31,2,6.06994
31,3,6.06994
31,4,8.04926
31,5,7.38949
31,6,7.38949
31,7,6.72971
31,8,6.72971
31,9,6.06994
31,10,6.06994
31,11,6.72971
31,12,7.38949
31,13,8.04926
31,14,7.38949
31,15,8.70904
31,16,8.04926
31,17,5.41016
31,18,4.09061
31,19,4.75039
31,20,5.41016
31,21,2.77106
31,22,3.43083
31,23,4.75039
31,24,3.43083
31,25,4.09061
31,26,2.77106
31,27,2.11128
31,28,2.11128
31,29,1.45151
31,30,6.06994
31,31,1.45151
31,32,1.45151
31,33,1.45151
31,34,1.45151
31,35,1.45151
31,36,2.11128
31,37,2.77106
31,38,3.43083
31,39,4.09061
31,40,6.06994
31,41,5.41016
31,42,5.41016
31,43,6.72971
31,44,4.09061
31,45,4.75039
31,46,3.43083
31,47,2.77106
31,48,3.43083
31,49,4.75039
31,50,4.09061
31,51,5.41016
31,52,7.38949
31,53,6.06994
31,54,8.70904
31,55,10.0286
31,56,9.36882
31,57,7.38949
31,58,8.70904
31,59,8.04926
31,60,8.70904
31,61,5.41016
31,62,4.75039
31,63,1.45151
31,64,5.41016
31,65,8.04926
31,66,7.38949
31,67,8.04926
31,68,8.04926
31,69,6.72971
31,70,7.38949
31,71,9.36882
31,72,8.70904
31,73,8.04926
31,74,10.6884
31,75,6.72971
31,76,9.36882
31,77,8.70904
31,78,8.04926
31,79,7.38949
32,1,6.06994
32,2,6.72971
32,3,6.72971
32,4,13.9872
32,5,12.0079
32,6,13.3275
32,7,11.3481
32,8,11.3481
32,9,10.6884
32,10,10.6884
32,11,11.3481
32,12,8.70904
32,13,9.36882
32,14,8.70904
32,15,10.0286
32,16,10.0286
32,17,10.0286
32,18,10.0286
32,19,9.36882
32,20,6.72971
32,21,3.43083
32,22,4.09061
32,23,6.06994
32,24,6.06994
32,25,4.75039
32,26,4.09061
32,27,3.43083
32,28,3.43083
32,29,2.77106
32,30,7.38949
32,31,1.45151
32,32,1.45151
32,33,1.45151
32,34,1.45151
32,35,2.11128
32,36,2.77106
32,37,3.43083
32,38,4.09061
32,39,6.06994
32,40,6.72971
32,41,6.06994
32,42,6.06994
32,43,7.38949
32,44,4.75039
32,45,5.41016
32,46,4.09061
32,47,3.43083
32,48,4.09061
32,49,5.41016
32,50,4.75039
32,51,6.06994
32,52,8.04926
32,53,6.72971
32,54,9.36882
32,55,10.6884
32,56,10.0286
32,57,8.70904
32,58,13.3275
32,59,12.6677
32,60,10.0286
32,61,11.3481
32,62,7.38949
32,63,2.11128
32,64,6.06994
32,65,8.70904
32,66,8.04926
32,67,8.70904
32,68,8.70904
32,69,7.38949
32,70,8.04926
32,71,10.0286
32,72,9.36882
32,73,8.70904
32,74,12.6677
32,75,7.38949
32,76,11.3481
32,77,10.6884
32,78,10.0286
32,79,8.04926
33,1,5.41016
33,2,6.06994
33,3,6.06994
33,4,13.3275
33,5,11.3481
33,6,12.6677
33,7,10.6884
33,8,10.6884
33,9,10.0286
33,10,10.0286
33,11,10.6884
33,12,7.38949
33,13,8.04926
33,14,7.38949
33,15,9.36882
33,16,9.36882
33,17,9.36882
33,18,4.75039
33,19,8.70904
33,20,6.06994
33,21,2.77106
33,22,3.43083
33,23,5.41016
33,24,5.41016
33,25,4.09061
33,26,3.43083
33,27,2.77106
33,28,2.77106
33,29,2.11128
33,30,6.72971
33,31,1.45151
33,32,1.45151
33,33,1.45151
33,34,1.45151
33,35,1.45151
33,36,2.11128
33,37,2.77106
33,38,3.43083
33,39,4.09061
33,40,6.06994
33,41,5.41016
33,42,5.41016
33,43,6.72971
33,44,4.09061
33,45,4.75039
33,46,3.43083
33,47,2.77106
33,48,3.43083
33,49,4.75039
33,50,4.09061
33,51,5.41016
33,52,7.38949
33,53,6.06994
33,54,8.70904
33,55,10.0286
33,56,9.36882
33,57,8.04926
33,58,12.6677
33,59,12.0079
33,60,8.70904
33,61,6.06994
33,62,5.41016
33,63,1.45151
33,64,5.41016
33,65,8.04926
33,66,7.38949
33,67,8.04926
33,68,8.04926
33,69,6.72971
33,70,7.38949
33,71,9.36882
33,72,8.70904
33,73,8.04926
33,74,12.0079
33,75,6.72971
33,76,10.6884
33,77,10.0286
33,78,9.36882
33,79,7.38949
34,1,4.75039
34,2,5.41016
34,3,5.41016
34,4,12.6677
34,5,10.6884
34,6,12.0079
34,7,10.0286
34,8,10.0286
34,9,9.36882
34,10,9.36882
34,11,10.0286
34,12,6.72971
34,13,7.38949
34,14,6.72971
34,15,8.70904
34,16,8.70904
34,17,8.70904
34,18,8.70904
34,19,8.04926
34,20,5.41016
34,21,2.11128
34,22,2.77106
34,23,4.75039
34,24,4.75039
34,25,3.43083
34,26,3.43083
34,27,2.77106
34,28,2.77106
34,29,2.11128
34,30,6.06994
34,31,1.45151
34,32,1.45151
34,33,1.45151
34,34,1.45151
34,35,1.45151
34,36,1.45151
34,37,2.11128
34,38,2.77106
34,39,3.43083
34,40,5.41016
34,41,4.75039
34,42,4.75039
34,43,6.06994
34,44,3.43083
34,45,4.09061
34,46,2.77106
34,47,2.11128
34,48,2.77106
34,49,4.09061
34,50,3.43083
34,51,4.75039
34,52,6.72971
34,53,5.41016
34,54,8.04926
34,55,9.36882
34,56,8.70904
34,57,7.38949
34,58,12.0079
34,59,11.3481
34,60,8.04926
34,61,10.0286
34,62,6.06994
34,63,1.45151
34,64,4.75039
34,65,7.38949
34,66,6.72971
34,67,7.38949
34,68,7.38949
34,69,6.06994
34,70,6.72971
34,71,8.70904
34,72,8.04926
34,73,7.38949
34,74,11.3481
34,75,6.06994
34,76,10.0286
34,77,9.36882
34,78,8.70904
34,79,6.72971
35,1,4.09061
35,2,4.75039
35,3,4.75039
35,4,12.0079
35,5,10.0286
35,6,11.3481
35,7,9.36882
35,8,9.36882
35,9,8.70904
35,10,8.70904
35,11,9.36882
35,12,6.06994
35,13,6.72971
35,14,6.06994
35,15,7.38949
35,16,6.72971
35,17,8.04926
35,18,8.04926
35,19,7.38949
35,20,4.75039
35,21,1.45151
35,22,2.11128
35,23,4.09061
35,24,4.09061
35,25,2.77106
35,26,5.41016
35,27,4.75039
35,28,3.43083
35,29,2.77106
35,30,4.75039
35,31,1.45151
35,32,2.11128
35,33,1.45151
35,34,1.45151
35,35,1.45151
35,36,1.45151
35,37,1.45151
35,38,2.11128
35,39,2.77106
35,40,4.09061
35,41,3.43083
35,42,4.09061
35,43,5.41016
35,44,2.77106
35,45,3.43083
35,46,2.11128
35,47,1.45151
35,48,2.11128
35,49,3.43083
35,50,2.77106
35,51,4.09061
35,52,6.06994
35,53,4.75039
35,54,7.38949
35,55,8.70904
35,56,8.04926
35,57,6.06994
35,58,11.3481
35,59,10.6884
35,60,7.38949
35,61,9.36882
35,62,5.41016
35,63,2.11128
35,64,4.09061
35,65,6.72971
35,66,6.06994
35,67,6.72971
35,68,6.72971
35,69,5.41016
35,70,6.06994
35,71,8.04926
35,72,7.38949
35,73,6.72971
35,74,9.36882
35,75,5.41016
35,76,8.04926
35,77,7.38949
35,78,6.72971
35,79,6.06994
36,1,3.43083
36,2,4.09061
36,3,4.09061
36,4,11.3481
36,5,9.36882
36,6,10.6884
36,7,8.70904
36,8,8.70904
36,9,8.04926
36,10,8.04926
36,11,8.70904
36,12,5.41016
36,13,6.06994
36,14,5.41016
36,15,6.72971
36,16,6.06994
36,17,7.38949
36,18,7.38949
36,19,6.72971
36,20,4.09061
36,21,1.45151
36,22,1.45151
36,23,3.43083
36,24,3.43083
36,25,2.11128
36,26,4.75039
36,27,4.09061
36,28,2.77106
36,29,3.43083
36,30,4.09061
36,31,2.11128
36,32,2.77106
36,33,2.11128
36,34,1.45151
36,35,1.45151
36,36,1.45151
36,37,1.45151
36,38,1.45151
36,39,2.11128
36,40,4.09061
36,41,3.43083
36,42,3.43083
36,43,4.75039
36,44,2.11128
36,45,2.77106
36,46,1.45151
36,47,1.45151
36,48,1.45151
36,49,2.77106
36,50,2.11128
36,51,3.43083
36,52,5.41016
36,53,4.09061
36,54,6.72971
36,55,8.04926
36,56,7.38949
36,57,6.06994
36,58,10.6884
36,59,10.0286
36,60,6.72971
36,61,8.70904
36,62,4.75039
36,63,2.77106
36,64,3.43083
36,65,6.06994
36,66,5.41016
36,67,6.06994
36,68,6.06994
36,69,4.75039
36,70,5.41016
36,71,7.38949
36,72,6.72971
36,73,6.06994
36,74,10.0286
36,75,4.75039
36,76,8.70904
36,77,8.04926
36,78,7.38949
36,79,5.41016
37,1,4.09061
37,2,3.43083
37,3,3.43083
37,4,10.6884
37,5,8.70904
37,6,10.0286
37,7,8.04926
37,8,8.04926
37,9,7.38949
37,10,7.38949
37,11,8.04926
37,12,4.75039
37,13,5.41016
37,14,4.75039
37,15,6.06994
37,16,5.41016
37,17,6.72971
37,18,6.72971
37,19,6.06994
37,20,3.43083
37,21,1.45151
37,22,1.45151
37,23,2.77106
37,24,3.43083
37,25,2.11128
37,26,4.75039
37,27,4.09061
37,28,2.77106
37,29,3.43083
37,30,3.43083
37,31,2.77106
37,32,3.43083
37,33,2.77106
37,34,2.11128
37,35,1.45151
37,36,1.45151
37,37,1.45151
37,38,1.45151
37,39,1.45151
37,40,2.77106
37,41,2.11128
37,42,2.77106
37,43,4.09061
37,44,2.77106
37,45,2.11128
37,46,1.45151
37,47,1.45151
37,48,2.11128
37,49,4.09061
37,50,3.43083
37,51,4.09061
37,52,5.41016
37,53,4.75039
37,54,7.38949
37,55,8.70904
37,56,8.04926
37,57,4.75039
37,58,10.0286
37,59,9.36882
37,60,6.06994
37,61,8.04926
37,62,4.75039
37,63,3.43083
37,64,2.77106
37,65,6.72971
37,66,6.06994
37,67,6.72971
37,68,6.72971
37,69,5.41016
37,70,4.75039
37,71,9.36882
37,72,8.70904
37,73,8.04926
37,74,8.04926
37,75,4.09061
37,76,6.72971
37,77,6.06994
37,78,5.41016
37,79,6.06994
38,1,4.75039
38,2,4.09061
38,3,4.09061
38,4,10.0286
38,5,8.04926
38,6,9.36882
38,7,7.38949
38,8,7.38949
38,9,6.72971
38,10,6.72971
38,11,7.38949
38,12,4.09061
38,13,4.75039
38,14,4.09061
38,15,5.41016
38,16,4.75039
38,17,6.06994
38,18,6.06994
38,19,5.41016
38,20,2.11128
38,21,2.11128
38,22,3.43083
38,23,2.77106
38,24,3.43083
38,25,4.09061
38,26,6.72971
38,27,6.06994
38,28,3.43083
38,29,4.09061
38,30,2.77106
38,31,3.43083
38,32,4.09061
38,33,3.43083
38,34,2.77106
38,35,2.11128
38,36,1.45151
38,37,1.45151
38,38,1.45151
38,39,1.45151
38,40,2.11128
38,41,1.45151
38,42,2.11128
38,43,2.77106
38,44,3.43083
38,45,2.77106
38,46,1.45151
38,47,2.11128
38,48,2.77106
38,49,4.75039
38,50,4.09061
38,51,4.75039
38,52,6.06994
38,53,5.41016
38,54,8.70904
38,55,10.0286
38,56,9.36882
38,57,4.75039
38,58,9.36882
38,59,8.70904
38,60,5.41016
38,61,7.38949
38,62,5.41016
38,63,4.09061
38,64,3.43083
38,65,8.04926
38,66,7.38949
38,67,7.38949
38,68,6.06994
38,69,6.06994
38,70,5.41016
38,71,8.70904
38,72,8.04926
38,73,7.38949
38,74,7.38949
38,75,6.72971
38,76,6.06994
38,77,5.41016
38,78,4.75039
38,79,6.72971
39,1,4.75039
39,2,4.09061
39,3,8.04926
39,4,6.72971
39,5,7.38949
39,6,6.72971
39,7,6.72971
39,8,5.41016
39,9,6.06994
39,10,4.75039
39,11,4.09061
39,12,3.43083
39,13,4.09061
39,14,3.43083
39,15,4.75039
39,16,4.09061
39,17,4.75039
39,18,6.72971
39,19,6.06994
39,20,2.11128
39,21,2.11128
39,22,4.09061
39,23,3.43083
39,24,4.09061
39,25,4.75039
39,26,7.38949
39,27,6.72971
39,28,6.06994
39,29,5.41016
39,30,2.11128
39,31,4.09061
39,32,6.06994
39,33,4.09061
39,34,3.43083
39,35,2.77106
39,36,2.11128
39,37,1.45151
39,38,1.45151
39,39,1.45151
39,40,1.45151
39,41,1.45151
39,42,4.09061
39,43,6.06994
39,44,3.43083
39,45,2.77106
39,46,1.45151
39,47,2.11128
39,48,2.11128
39,49,4.75039
39,50,4.09061
39,51,4.75039
39,52,6.06994
39,53,5.41016
39,54,8.70904
39,55,10.0286
39,56,9.36882
39,57,3.43083
39,58,8.70904
39,59,8.04926
39,60,4.75039
39,61,8.04926
39,62,6.06994
39,63,4.75039
39,64,3.43083
39,65,8.04926
39,66,7.38949
39,67,7.38949
39,68,6.06994
39,69,6.06994
39,70,7.38949
39,71,8.04926
39,72,7.38949
39,73,6.72971
39,74,6.72971
39,75,6.06994
39,76,5.41016
39,77,4.75039
39,78,4.09061
39,79,6.72971
40,1,3.43083
40,2,7.38949
40,3,6.72971
40,4,8.04926
40,5,8.70904
40,6,8.04926
40,7,8.04926
40,8,6.72971
40,9,7.38949
40,10,6.06994
40,11,5.41016
40,12,4.75039
40,13,4.75039
40,14,4.09061
40,15,5.41016
40,16,4.75039
40,17,6.06994
40,18,8.04926
40,19,7.38949
40,20,3.43083
40,21,3.43083
40,22,4.09061
40,23,4.75039
40,24,5.41016
40,25,6.06994
40,26,8.70904
40,27,8.04926
40,28,5.41016
40,29,6.06994
40,30,4.09061
40,31,6.06994
40,32,6.72971
40,33,6.06994
40,34,5.41016
40,35,4.09061
40,36,4.09061
40,37,2.77106
40,38,2.11128
40,39,1.45151
40,40,1.45151
40,41,1.45151
40,42,3.43083
40,43,4.75039
40,44,2.11128
40,45,4.75039
40,46,1.45151
40,47,2.77106
40,48,2.11128
40,49,3.43083
40,50,2.77106
40,51,3.43083
40,52,4.75039
40,53,4.09061
40,54,7.38949
40,55,8.70904
40,56,8.04926
40,57,5.41016
40,58,10.0286
40,59,9.36882
40,60,5.41016
40,61,9.36882
40,62,7.38949
40,63,6.72971
40,64,6.06994
40,65,6.72971
40,66,6.06994
40,67,6.06994
40,68,9.36882
40,69,7.38949
40,70,6.06994
40,71,6.72971
40,72,6.06994
40,73,5.41016
40,74,5.41016
40,75,4.75039
40,76,4.09061
40,77,3.43083
40,78,2.77106
40,79,9.36882
41,1,3.43083
41,2,2.77106
41,3,3.43083
41,4,7.38949
41,5,9.36882
41,6,7.38949
41,7,7.38949
41,8,6.06994
41,9,6.72971
41,10,5.41016
41,11,4.75039
41,12,4.09061
41,13,4.09061
41,14,3.43083
41,15,4.75039
41,16,4.09061
41,17,5.41016
41,18,7.38949
41,19,6.72971
41,20,2.77106
41,21,2.77106
41,22,3.43083
41,23,2.77106
41,24,3.43083
41,25,4.09061
41,26,6.72971
41,27,6.06994
41,28,4.75039
41,29,5.41016
41,30,3.43083
41,31,5.41016
41,32,6.06994
41,33,5.41016
41,34,4.75039
41,35,3.43083
41,36,3.43083
41,37,2.11128
41,38,1.45151
41,39,1.45151
41,40,1.45151
41,41,1.45151
41,42,1.45151
41,43,1.45151
41,44,2.11128
41,45,1.45151
41,46,1.45151
41,47,2.11128
41,48,1.45151
41,49,3.43083
41,50,2.77106
41,51,3.43083
41,52,4.75039
41,53,4.09061
41,54,7.38949
41,55,8.70904
41,56,8.04926
41,57,6.06994
41,58,10.6884
41,59,10.0286
41,60,4.75039
41,61,8.70904
41,62,6.72971
41,63,6.06994
41,64,2.11128
41,65,6.72971
41,66,6.06994
41,67,6.06994
41,68,4.75039
41,69,4.75039
41,70,4.75039
41,71,6.72971
41,72,6.06994
41,73,5.41016
41,74,5.41016
41,75,4.75039
41,76,4.09061
41,77,3.43083
41,78,2.77106
41,79,5.41016
42,1,4.09061
42,2,4.09061
42,3,3.43083
42,4,10.0286
42,5,10.6884
42,6,10.0286
42,7,10.0286
42,8,8.70904
42,9,9.36882
42,10,8.04926
42,11,7.38949
42,12,6.72971
42,13,6.06994
42,14,6.06994
42,15,7.38949
42,16,4.75039
42,17,8.04926
42,18,8.04926
42,19,7.38949
42,20,3.43083
42,21,3.43083
42,22,4.09061
42,23,3.43083
42,24,4.09061
42,25,4.75039
42,26,7.38949
42,27,6.72971
42,28,5.41016
42,29,6.06994
42,30,6.06994
42,31,5.41016
42,32,6.06994
42,33,5.41016
42,34,4.75039
42,35,4.09061
42,36,3.43083
42,37,2.77106
42,38,2.11128
42,39,4.09061
42,40,3.43083
42,41,1.45151
42,42,1.45151
42,43,1.45151
42,44,2.11128
42,45,1.45151
42,46,1.45151
42,47,2.77106
42,48,2.11128
42,49,3.43083
42,50,2.77106
42,51,3.43083
42,52,4.75039
42,53,4.09061
42,54,7.38949
42,55,8.70904
42,56,8.04926
42,57,6.72971
42,58,12.0079
42,59,11.3481
42,60,6.72971
42,61,9.36882
42,62,7.38949
42,63,6.06994
42,64,2.77106
42,65,6.72971
42,66,6.06994
42,67,6.06994
42,68,6.06994
42,69,6.06994
42,70,4.75039
42,71,6.72971
42,72,6.06994
42,73,5.41016
42,74,5.41016
42,75,4.75039
42,76,4.09061
42,77,3.43083
42,78,2.77106
42,79,6.06994
43,1,2.77106
43,2,2.77106
43,3,2.11128
43,4,8.04926
43,5,8.70904
43,6,8.04926
43,7,8.04926
43,8,6.72971
43,9,7.38949
43,10,6.06994
43,11,5.41016
43,12,4.75039
43,13,6.06994
43,14,4.09061
43,15,8.04926
43,16,4.75039
43,17,6.06994
43,18,8.70904
43,19,8.04926
43,20,4.09061
43,21,4.75039
43,22,5.41016
43,23,4.09061
43,24,4.75039
43,25,6.72971
43,26,9.36882
43,27,8.70904
43,28,7.38949
43,29,8.04926
43,30,4.75039
43,31,6.72971
43,32,7.38949
43,33,6.72971
43,34,6.06994
43,35,5.41016
43,36,4.75039
43,37,4.09061
43,38,2.77106
43,39,6.06994
43,40,4.75039
43,41,1.45151
43,42,1.45151
43,43,1.45151
43,44,2.11128
43,45,1.45151
43,46,2.77106
43,47,4.09061
43,48,2.77106
43,49,3.43083
43,50,2.77106
43,51,3.43083
43,52,4.09061
43,53,3.43083
43,54,6.72971
43,55,8.04926
43,56,7.38949
43,57,7.38949
43,58,10.0286
43,59,9.36882
43,60,6.72971
43,61,10.0286
43,62,8.04926
43,63,7.38949
43,64,1.45151
43,65,6.06994
43,66,5.41016
43,67,5.41016
43,68,4.75039
43,69,4.75039
43,70,3.43083
43,71,5.41016
43,72,4.75039
43,73,4.09061
43,74,4.09061
43,75,2.77106
43,76,3.43083
43,77,4.09061
43,78,3.43083
43,79,4.75039
44,1,1.45151
44,2,2.11128
44,3,2.11128
44,4,10.0286
44,5,11.3481
44,6,10.0286
44,7,10.0286
44,8,8.70904
44,9,9.36882
44,10,8.04926
44,11,7.38949
44,12,6.72971
44,13,8.04926
44,14,6.06994
44,15,10.0286
44,16,6.72971
44,17,9.36882
44,18,9.36882
44,19,8.70904
44,20,5.41016
44,21,3.43083
44,22,4.09061
44,23,4.75039
44,24,5.41016
44,25,4.75039
44,26,7.38949
44,27,6.72971
44,28,5.41016
44,29,6.06994
44,30,6.06994
44,31,4.09061
44,32,4.75039
44,33,4.09061
44,34,3.43083
44,35,2.77106
44,36,2.11128
44,37,2.77106
44,38,3.43083
44,39,3.43083
44,40,2.11128
44,41,2.11128
44,42,2.11128
44,43,2.11128
44,44,1.45151
44,45,1.45151
44,46,1.45151
44,47,1.45151
44,48,1.45151
44,49,1.45151
44,50,1.45151
44,51,1.45151
44,52,2.77106
44,53,2.11128
44,54,5.41016
44,55,6.72971
44,56,6.06994
44,57,9.36882
44,58,12.6677
44,59,12.0079
44,60,8.70904
44,61,10.6884
44,62,6.72971
44,63,4.75039
44,64,1.45151
44,65,4.75039
44,66,4.09061
44,67,4.09061
44,68,4.09061
44,69,2.77106
44,70,3.43083
44,71,5.41016
44,72,4.75039
44,73,4.09061
44,74,4.09061
44,75,2.77106
44,76,3.43083
44,77,4.09061
44,78,5.41016
44,79,3.43083
45,1,2.11128
45,2,2.11128
45,3,1.45151
45,4,10.6884
45,5,11.3481
45,6,10.6884
45,7,10.6884
45,8,9.36882
45,9,10.0286
45,10,8.70904
45,11,8.04926
45,12,7.38949
45,13,6.72971
45,14,6.72971
45,15,8.04926
45,16,5.41016
45,17,8.70904
45,18,8.70904
45,19,8.04926
45,20,4.09061
45,21,2.77106
45,22,3.43083
45,23,4.09061
45,24,4.75039
45,25,4.75039
45,26,7.38949
45,27,6.72971
45,28,5.41016
45,29,6.06994
45,30,6.72971
45,31,4.75039
45,32,5.41016
45,33,4.75039
45,34,4.09061
45,35,3.43083
45,36,2.77106
45,37,2.11128
45,38,2.77106
45,39,2.77106
45,40,4.75039
45,41,1.45151
45,42,1.45151
45,43,1.45151
45,44,1.45151
45,45,1.45151
45,46,1.45151
45,47,2.11128
45,48,2.11128
45,49,2.11128
45,50,1.45151
45,51,2.11128
45,52,3.43083
45,53,2.77106
45,54,6.06994
45,55,7.38949
45,56,6.72971
45,57,7.38949
45,58,12.6677
45,59,12.0079
45,60,7.38949
45,61,10.0286
45,62,8.04926
45,63,5.41016
45,64,1.45151
45,65,5.41016
45,66,4.75039
45,67,4.75039
45,68,4.09061
45,69,4.09061
45,70,2.77106
45,71,4.75039
45,72,4.09061
45,73,3.43083
45,74,3.43083
45,75,2.11128
45,76,2.77106
45,77,4.09061
45,78,3.43083
45,79,4.09061
46,1,2.77106
46,2,2.11128
46,3,2.11128
46,4,9.36882
46,5,9.36882
46,6,9.36882
46,7,8.70904
46,8,8.04926
46,9,8.04926
46,10,7.38949
46,11,6.72971
46,12,6.06994
46,13,6.06994
46,14,5.41016
46,15,6.72971
46,16,4.75039
46,17,7.38949
46,18,7.38949
46,19,6.72971
46,20,2.77106
46,21,2.11128
46,22,2.77106
46,23,2.77106
46,24,4.09061
46,25,4.09061
46,26,6.72971
46,27,6.06994
46,28,4.75039
46,29,5.41016
46,30,4.75039
46,31,3.43083
46,32,4.09061
46,33,3.43083
46,34,2.77106
46,35,2.11128
46,36,1.45151
46,37,1.45151
46,38,1.45151
46,39,1.45151
46,40,1.45151
46,41,1.45151
46,42,1.45151
46,43,2.77106
46,44,1.45151
46,45,1.45151
46,46,1.45151
46,47,1.45151
46,48,1.45151
46,49,2.77106
46,50,2.11128
46,51,2.77106
46,52,4.09061
46,53,3.43083
46,54,6.72971
46,55,8.04926
46,56,7.38949
46,57,4.75039
46,58,10.6884
46,59,10.0286
46,60,6.72971
46,61,8.70904
46,62,6.72971
46,63,4.09061
46,64,1.45151
46,65,6.06994
46,66,5.41016
46,67,5.41016
46,68,4.09061
46,69,4.09061
46,70,3.43083
46,71,5.41016
46,72,4.75039
46,73,4.09061
46,74,7.38949
46,75,2.77106
46,76,6.06994
46,77,5.41016
46,78,4.75039
46,79,4.75039
47,1,2.77106
47,2,3.43083
47,3,3.43083
47,4,11.3481
47,5,9.36882
47,6,10.6884
47,7,8.70904
47,8,8.70904
47,9,8.04926
47,10,8.04926
47,11,5.41016
47,12,4.75039
47,13,5.41016
47,14,4.75039
47,15,6.06994
47,16,6.06994
47,17,7.38949
47,18,7.38949
47,19,6.72971
47,20,4.09061
47,21,1.45151
47,22,2.11128
47,23,3.43083
47,24,4.09061
47,25,2.77106
47,26,5.41016
47,27,4.75039
47,28,3.43083
47,29,4.09061
47,30,3.43083
47,31,2.77106
47,32,3.43083
47,33,2.77106
47,34,2.11128
47,35,1.45151
47,36,1.45151
47,37,1.45151
47,38,2.11128
47,39,2.11128
47,40,2.77106
47,41,2.11128
47,42,2.77106
47,43,4.09061
47,44,1.45151
47,45,2.11128
47,46,1.45151
47,47,1.45151
47,48,1.45151
47,49,2.77106
47,50,2.11128
47,51,2.77106
47,52,4.09061
47,53,3.43083
47,54,6.06994
47,55,7.38949
47,56,6.72971
47,57,5.41016
47,58,10.6884
47,59,10.0286
47,60,6.06994
47,61,8.70904
47,62,5.41016
47,63,3.43083
47,64,2.77106
47,65,5.41016
47,66,4.75039
47,67,5.41016
47,68,5.41016
47,69,5.41016
47,70,4.75039
47,71,6.72971
47,72,6.06994
47,73,5.41016
47,74,8.70904
47,75,4.09061
47,76,7.38949
47,77,6.72971
47,78,6.06994
47,79,4.75039
48,1,2.11128
48,2,2.77106
48,3,2.77106
48,4,12.0079
48,5,10.0286
48,6,11.3481
48,7,9.36882
48,8,9.36882
48,9,8.70904
48,10,8.70904
48,11,7.38949
48,12,6.72971
48,13,6.72971
48,14,6.06994
48,15,7.38949
48,16,6.72971
48,17,8.04926
48,18,8.04926
48,19,7.38949
48,20,4.75039
48,21,2.11128
48,22,2.77106
48,23,4.09061
48,24,4.75039
48,25,3.43083
48,26,6.06994
48,27,5.41016
48,28,4.09061
48,29,4.75039
48,30,5.41016
48,31,3.43083
48,32,4.09061
48,33,3.43083
48,34,2.77106
48,35,2.11128
48,36,1.45151
48,37,2.11128
48,38,2.77106
48,39,2.11128
48,40,2.11128
48,41,1.45151
48,42,2.11128
48,43,2.77106
48,44,1.45151
48,45,2.11128
48,46,1.45151
48,47,1.45151
48,48,1.45151
48,49,2.11128
48,50,1.45151
48,51,2.11128
48,52,4.09061
48,53,2.77106
48,54,5.41016
48,55,6.72971
48,56,6.06994
48,57,7.38949
48,58,11.3481
48,59,10.6884
48,60,7.38949
48,61,9.36882
48,62,6.06994
48,63,4.09061
48,64,2.11128
48,65,4.75039
48,66,4.09061
48,67,4.75039
48,68,4.75039
48,69,3.43083
48,70,4.09061
48,71,6.06994
48,72,5.41016
48,73,4.75039
48,74,4.75039
48,75,3.43083
48,76,4.09061
48,77,4.75039
48,78,4.09061
48,79,4.09061
49,1,2.77106
49,2,2.77106
49,3,3.43083
49,4,11.3481
49,5,12.0079
49,6,11.3481
49,7,11.3481
49,8,10.0286
49,9,10.6884
49,10,9.36882
49,11,8.70904
49,12,8.04926
49,13,9.36882
49,14,7.38949
49,15,11.3481
49,16,8.04926
49,17,10.0286
49,18,10.0286
49,19,9.36882
49,20,6.72971
49,21,4.75039
49,22,4.09061
49,23,6.06994
49,24,6.72971
49,25,4.75039
49,26,7.38949
49,27,6.72971
49,28,5.41016
49,29,6.06994
49,30,8.04926
49,31,4.75039
49,32,5.41016
49,33,4.75039
49,34,4.09061
49,35,3.43083
49,36,2.77106
49,37,4.09061
49,38,4.75039
49,39,4.75039
49,40,3.43083
49,41,3.43083
49,42,3.43083
49,43,3.43083
49,44,1.45151
49,45,2.11128
49,46,2.77106
49,47,2.77106
49,48,2.11128
49,49,1.45151
49,50,1.45151
49,51,1.45151
49,52,2.11128
49,53,1.45151
49,54,4.09061
49,55,5.41016
49,56,4.75039
49,57,10.6884
49,58,13.3275
49,59,12.6677
49,60,10.0286
49,61,11.3481
49,62,8.04926
49,63,5.41016
49,64,2.11128
49,65,3.43083
49,66,2.77106
49,67,3.43083
49,68,4.09061
49,69,3.43083
49,70,3.43083
49,71,6.72971
49,72,6.06994
49,73,5.41016
49,74,6.06994
49,75,4.09061
49,76,4.75039
49,77,5.41016
49,78,6.72971
49,79,3.43083
50,1,2.11128
50,2,2.11128
50,3,2.77106
50,4,10.6884
50,5,11.3481
50,6,10.6884
50,7,10.6884
50,8,9.36882
50,9,10.0286
50,10,8.70904
50,11,8.04926
50,12,7.38949
50,13,8.70904
50,14,6.72971
50,15,10.6884
50,16,7.38949
50,17,9.36882
50,18,9.36882
50,19,8.70904
50,20,6.06994
50,21,4.09061
50,22,4.75039
50,23,5.41016
50,24,6.06994
50,25,5.41016
50,26,8.04926
50,27,7.38949
50,28,6.06994
50,29,6.72971
50,30,7.38949
50,31,4.09061
50,32,4.75039
50,33,4.09061
50,34,3.43083
50,35,2.77106
50,36,2.11128
50,37,3.43083
50,38,4.09061
50,39,4.09061
50,40,2.77106
50,41,2.77106
50,42,2.77106
50,43,2.77106
50,44,1.45151
50,45,1.45151
50,46,2.11128
50,47,2.11128
50,48,1.45151
50,49,1.45151
50,50,1.45151
50,51,1.45151
50,52,2.11128
50,53,1.45151
50,54,4.09061
50,55,5.41016
50,56,4.75039
50,57,10.0286
50,58,12.6677
50,59,12.0079
50,60,9.36882
50,61,10.6884
50,62,7.38949
50,63,4.75039
50,64,1.45151
50,65,3.43083
50,66,2.77106
50,67,3.43083
50,68,4.09061
50,69,2.77106
50,70,4.09061
50,71,6.06994
50,72,5.41016
50,73,4.75039
50,74,5.41016
50,75,3.43083
50,76,4.09061
50,77,4.75039
50,78,6.06994
50,79,3.43083
51,1,1.45151
51,2,2.11128
51,3,2.77106
51,4,11.3481
51,5,12.0079
51,6,11.3481
51,7,11.3481
51,8,10.0286
51,9,10.6884
51,10,9.36882
51,11,8.70904
51,12,8.04926
51,13,9.36882
51,14,7.38949
51,15,11.3481
51,16,8.04926
51,17,10.0286
51,18,10.0286
51,19,9.36882
51,20,6.72971
51,21,4.75039
51,22,5.41016
51,23,6.06994
51,24,6.72971
51,25,6.06994
51,26,8.70904
51,27,8.04926
51,28,6.72971
51,29,7.38949
51,30,8.04926
51,31,5.41016
51,32,6.06994
51,33,5.41016
51,34,4.75039
51,35,4.09061
51,36,3.43083
51,37,4.09061
51,38,4.75039
51,39,4.75039
51,40,3.43083
51,41,3.43083
51,42,3.43083
51,43,3.43083
51,44,1.45151
51,45,2.11128
51,46,2.77106
51,47,2.77106
51,48,2.11128
51,49,1.45151
51,50,1.45151
51,51,1.45151
51,52,1.45151
51,53,1.45151
51,54,3.43083
51,55,4.75039
51,56,4.09061
51,57,10.6884
51,58,13.3275
51,59,12.6677
51,60,10.0286
51,61,11.3481
51,62,8.04926
51,63,6.06994
51,64,2.77106
51,65,2.77106
51,66,2.11128
51,67,2.77106
51,68,3.43083
51,69,2.77106
51,70,2.77106
51,71,6.06994
51,72,5.41016
51,73,4.75039
51,74,5.41016
51,75,3.43083
51,76,4.09061
51,77,4.75039
51,78,6.72971
51,79,2.77106
52,1,1.45151
52,2,2.11128
52,3,2.77106
52,4,12.0079
52,5,13.9872
52,6,12.0079
52,7,12.0079
52,8,10.6884
52,9,11.3481
52,10,10.0286
52,11,9.36882
52,12,8.70904
52,13,10.0286
52,14,8.04926
52,15,12.0079
52,16,8.70904
52,17,10.0286
52,18,12.0079
52,19,11.3481
52,20,7.38949
52,21,6.06994
52,22,6.72971
52,23,7.38949
52,24,8.04926
52,25,7.38949
52,26,10.0286
52,27,9.36882
52,28,8.04926
52,29,8.70904
52,30,8.70904
52,31,7.38949
52,32,8.04926
52,33,7.38949
52,34,6.72971
52,35,6.06994
52,36,5.41016
52,37,5.41016
52,38,6.06994
52,39,6.06994
52,40,4.75039
52,41,4.75039
52,42,4.75039
52,43,4.09061
52,44,2.77106
52,45,3.43083
52,46,4.09061
52,47,4.09061
52,48,4.09061
52,49,2.11128
52,50,2.11128
52,51,1.45151
52,52,1.45151
52,53,1.45151
52,54,2.11128
52,55,3.43083
52,56,2.77106
52,57,11.3481
52,58,15.3068
52,59,14.647
52,60,10.6884
52,61,13.3275
52,62,11.3481
52,63,8.04926
52,64,2.77106
52,65,1.45151
52,66,1.45151
52,67,1.45151
52,68,2.11128
52,69,1.45151
52,70,2.77106
52,71,4.75039
52,72,4.09061
52,73,3.43083
52,74,4.09061
52,75,4.09061
52,76,4.75039
52,77,5.41016
52,78,6.06994
52,79,1.45151
53,1,1.45151
53,2,2.11128
53,3,2.11128
53,4,11.3481
53,5,13.3275
53,6,11.3481
53,7,11.3481
53,8,10.0286
53,9,10.6884
53,10,9.36882
53,11,8.70904
53,12,8.04926
53,13,9.36882
53,14,7.38949
53,15,11.3481
53,16,8.04926
53,17,9.36882
53,18,11.3481
53,19,10.6884
53,20,6.72971
53,21,5.41016
53,22,6.06994
53,23,6.72971
53,24,7.38949
53,25,6.72971
53,26,9.36882
53,27,8.70904
53,28,7.38949
53,29,8.04926
53,30,8.04926
53,31,6.06994
53,32,6.72971
53,33,6.06994
53,34,5.41016
53,35,4.75039
53,36,4.09061
53,37,4.75039
53,38,5.41016
53,39,5.41016
53,40,4.09061
53,41,4.09061
53,42,4.09061
53,43,3.43083
53,44,2.11128
53,45,2.77106
53,46,3.43083
53,47,3.43083
53,48,2.77106
53,49,1.45151
53,50,1.45151
53,51,1.45151
53,52,1.45151
53,53,1.45151
53,54,2.77106
53,55,4.09061
53,56,3.43083
53,57,10.6884
53,58,14.647
53,59,13.9872
53,60,10.0286
53,61,12.6677
53,62,10.6884
53,63,6.72971
53,64,2.11128
53,65,2.11128
53,66,1.45151
53,67,2.11128
53,68,2.77106
53,69,2.77106
53,70,2.77106
53,71,4.75039
53,72,4.09061
53,73,3.43083
53,74,4.09061
53,75,4.09061
53,76,4.75039
53,77,5.41016
53,78,6.06994
53,79,2.11128
54,1,3.43083
54,2,4.09061
54,3,4.75039
54,4,14.647
54,5,15.3068
54,6,14.647
54,7,14.647
54,8,13.3275
54,9,13.9872
54,10,12.6677
54,11,12.0079
54,12,11.3481
54,13,12.6677
54,14,10.6884
54,15,14.647
54,16,11.3481
54,17,13.3275
54,18,13.3275
54,19,12.6677
54,20,10.0286
54,21,8.04926
54,22,8.70904
54,23,9.36882
54,24,10.0286
54,25,9.36882
54,26,12.0079
54,27,11.3481
54,28,10.0286
54,29,10.6884
54,30,11.3481
54,31,8.70904
54,32,9.36882
54,33,8.70904
54,34,8.04926
54,35,7.38949
54,36,6.72971
54,37,7.38949
54,38,8.70904
54,39,8.70904
54,40,7.38949
54,41,7.38949
54,42,7.38949
54,43,6.72971
54,44,5.41016
54,45,6.06994
54,46,6.72971
54,47,6.06994
54,48,5.41016
54,49,4.09061
54,50,4.09061
54,51,3.43083
54,52,2.11128
54,53,2.77106
54,54,1.45151
54,55,1.45151
54,56,1.45151
54,57,13.9872
54,58,16.6264
54,59,15.9666
54,60,13.3275
54,61,14.647
54,62,11.3481
54,63,9.36882
54,64,5.41016
54,65,1.45151
54,66,1.45151
54,67,1.45151
54,68,2.77106
54,69,3.43083
54,70,4.75039
54,71,6.06994
54,72,5.41016
54,73,4.75039
54,74,5.41016
54,75,6.06994
54,76,6.72971
54,77,7.38949
54,78,8.04926
54,79,2.11128
55,1,4.75039
55,2,5.41016
55,3,6.06994
55,4,15.9666
55,5,16.6264
55,6,15.9666
55,7,15.9666
55,8,14.647
55,9,15.3068
55,10,13.9872
55,11,13.3275
55,12,12.6677
55,13,13.9872
55,14,12.0079
55,15,15.9666
55,16,12.6677
55,17,14.647
55,18,14.647
55,19,13.9872
55,20,11.3481
55,21,9.36882
55,22,10.0286
55,23,10.6884
55,24,11.3481
55,25,10.6884
55,26,13.3275
55,27,12.6677
55,28,11.3481
55,29,12.0079
55,30,12.6677
55,31,10.0286
55,32,10.6884
55,33,10.0286
55,34,9.36882
55,35,8.70904
55,36,8.04926
55,37,8.70904
55,38,10.0286
55,39,10.0286
55,40,8.70904
55,41,8.70904
55,42,8.70904
55,43,8.04926
55,44,6.72971
55,45,7.38949
55,46,8.04926
55,47,7.38949
55,48,6.72971
55,49,5.41016
55,50,5.41016
55,51,4.75039
55,52,3.43083
55,53,4.09061
55,54,1.45151
55,55,1.45151
55,56,1.45151
55,57,15.3068
55,58,17.9459
55,59,17.2861
55,60,14.647
55,61,15.9666
55,62,12.6677
55,63,10.6884
55,64,6.72971
55,65,2.77106
55,66,3.43083
55,67,2.77106
55,68,4.09061
55,69,4.75039
55,70,6.72971
55,71,7.38949
55,72,6.72971
55,73,6.06994
55,74,6.72971
55,75,7.38949
55,76,8.04926
55,77,8.70904
55,78,9.36882
55,79,4.75039
56,1,4.09061
56,2,4.75039
56,3,5.41016
56,4,15.3068
56,5,15.9666
56,6,15.3068
56,7,15.3068
56,8,13.9872
56,9,14.647
56,10,13.3275
56,11,12.6677
56,12,12.0079
56,13,13.3275
56,14,11.3481
56,15,15.3068
56,16,12.0079
56,17,13.9872
56,18,13.9872
56,19,13.3275
56,20,10.6884
56,21,8.70904
56,22,9.36882
56,23,10.0286
56,24,10.6884
56,25,10.0286
56,26,12.6677
56,27,12.0079
56,28,10.6884
56,29,11.3481
56,30,12.0079
56,31,9.36882
56,32,10.0286
56,33,9.36882
56,34,8.70904
56,35,8.04926
56,36,7.38949
56,37,8.04926
56,38,9.36882
56,39,9.36882
56,40,8.04926
56,41,8.04926
56,42,8.04926
56,43,7.38949
56,44,6.06994
56,45,6.72971
56,46,7.38949
56,47,6.72971
56,48,6.06994
56,49,4.75039
56,50,4.75039
56,51,4.09061
56,52,2.77106
56,53,3.43083
56,54,1.45151
56,55,1.45151
56,56,1.45151
56,57,14.647
56,58,17.2861
56,59,16.6264
56,60,13.9872
56,61,15.3068
56,62,12.0079
56,63,10.0286
56,64,6.06994
56,65,1.45151
56,66,2.11128
56,67,2.11128
56,68,3.43083
56,69,4.09061
56,70,5.41016
56,71,6.72971
56,72,6.06994
56,73,5.41016
56,74,6.06994
56,75,6.72971
56,76,7.38949
56,77,8.04926
56,78,8.70904
56,79,2.77106
57,1,10.0286
57,2,8.70904
57,3,6.72971
57,4,5.41016
57,5,6.06994
57,6,5.41016
57,7,4.75039
57,8,4.09061
57,9,4.75039
57,10,3.43083
57,11,2.77106
57,12,2.11128
57,13,1.45151
57,14,1.45151
57,15,1.45151
57,16,1.45151
57,17,3.43083
57,18,6.06994
57,19,4.09061
57,20,4.75039
57,21,6.72971
57,22,6.72971
57,23,6.06994
57,24,6.72971
57,25,7.38949
57,26,10.0286
57,27,9.36882
57,28,8.70904
57,29,9.36882
57,30,1.45151
57,31,7.38949
57,32,8.70904
57,33,8.04926
57,34,7.38949
57,35,6.06994
57,36,6.06994
57,37,4.75039
57,38,4.75039
57,39,3.43083
57,40,6.72971
57,41,6.06994
57,42,6.72971
57,43,7.38949
57,44,9.36882
57,45,7.38949
57,46,4.75039
57,47,5.41016
57,48,7.38949
57,49,10.6884
57,50,10.0286
57,51,10.6884
57,52,11.3481
57,53,10.6884
57,54,13.9872
57,55,15.3068
57,56,14.647
57,57,1.45151
57,58,7.38949
57,59,6.72971
57,60,2.11128
57,61,6.06994
57,62,5.41016
57,63,8.04926
57,64,8.70904
57,65,13.3275
57,66,12.6677
57,67,12.6677
57,68,6.06994
57,69,5.41016
57,70,4.75039
57,71,4.75039
57,72,4.09061
57,73,3.43083
57,74,2.77106
57,75,3.43083
57,76,5.41016
57,77,2.11128
57,78,1.45151
57,79,9.36882
58,1,13.9872
58,2,15.9666
58,3,13.9872
58,4,2.77106
58,5,1.45151
58,6,2.11128
58,7,2.11128
58,8,3.43083
58,9,2.77106
58,10,3.43083
58,11,4.75039
58,12,5.41016
58,13,6.06994
58,14,6.06994
58,15,7.38949
58,16,6.72971
58,17,3.43083
58,18,4.75039
58,19,4.09061
58,20,8.04926
58,21,9.36882
58,22,8.70904
58,23,5.41016
58,24,5.41016
58,25,5.41016
58,26,8.04926
58,27,7.38949
58,28,6.72971
58,29,7.38949
58,30,7.38949
58,31,8.70904
58,32,13.3275
58,33,12.6677
58,34,12.0079
58,35,11.3481
58,36,10.6884
58,37,10.0286
58,38,9.36882
58,39,8.70904
58,40,10.0286
58,41,10.6884
58,42,12.0079
58,43,10.0286
58,44,12.6677
58,45,12.6677
58,46,10.6884
58,47,10.6884
58,48,11.3481
58,49,13.3275
58,50,12.6677
58,51,13.3275
58,52,15.3068
58,53,14.647
58,54,16.6264
58,55,17.9459
58,56,17.2861
58,57,7.38949
58,58,1.45151
58,59,1.45151
58,60,6.72971
58,61,6.06994
58,62,5.41016
58,63,8.04926
58,64,12.6677
58,65,15.9666
58,66,15.3068
58,67,15.9666
58,68,16.6264
58,69,15.9666
58,70,14.647
58,71,12.0079
58,72,11.3481
58,73,10.6884
58,74,10.0286
58,75,13.3275
58,76,12.6677
58,77,9.36882
58,78,8.70904
58,79,16.6264
59,1,13.3275
59,2,15.3068
59,3,13.3275
59,4,2.11128
59,5,1.45151
59,6,1.45151
59,7,1.45151
59,8,2.11128
59,9,2.11128
59,10,2.77106
59,11,4.09061
59,12,4.75039
59,13,5.41016
59,14,5.41016
59,15,6.72971
59,16,6.06994
59,17,2.77106
59,18,4.09061
59,19,3.43083
59,20,7.38949
59,21,8.70904
59,22,8.04926
59,23,4.75039
59,24,4.75039
59,25,4.75039
59,26,7.38949
59,27,6.72971
59,28,6.06994
59,29,6.72971
59,30,6.72971
59,31,8.04926
59,32,12.6677
59,33,12.0079
59,34,11.3481
59,35,10.6884
59,36,10.0286
59,37,9.36882
59,38,8.70904
59,39,8.04926
59,40,9.36882
59,41,10.0286
59,42,11.3481
59,43,9.36882
59,44,12.0079
59,45,12.0079
59,46,10.0286
59,47,10.0286
59,48,10.6884
59,49,12.6677
59,50,12.0079
59,51,12.6677
59,52,14.647
59,53,13.9872
59,54,15.9666
59,55,17.2861
59,56,16.6264
59,57,6.72971
59,58,1.45151
59,59,1.45151
59,60,6.06994
59,61,5.41016
59,62,4.75039
59,63,7.38949
59,64,12.0079
59,65,15.3068
59,66,14.647
59,67,15.3068
59,68,15.9666
59,69,15.3068
59,70,13.9872
59,71,11.3481
59,72,10.6884
59,73,10.0286
59,74,9.36882
59,75,12.6677
59,76,12.0079
59,77,8.70904
59,78,8.04926
59,79,15.9666
60,1,9.36882
60,2,11.3481
60,3,9.36882
60,4,5.41016
60,5,6.06994
60,6,5.41016
60,7,4.75039
60,8,4.09061
60,9,4.75039
60,10,3.43083
60,11,2.77106
60,12,2.11128
60,13,1.45151
60,14,1.45151
60,15,2.77106
60,16,2.11128
60,17,4.09061
60,18,4.75039
60,19,4.09061
60,20,5.41016
60,21,7.38949
60,22,7.38949
60,23,6.72971
60,24,4.75039
60,25,5.41016
60,26,8.04926
60,27,7.38949
60,28,6.72971
60,29,7.38949
60,30,2.77106
60,31,8.70904
60,32,10.0286
60,33,8.70904
60,34,8.04926
60,35,7.38949
60,36,6.72971
60,37,6.06994
60,38,5.41016
60,39,4.75039
60,40,5.41016
60,41,4.75039
60,42,6.72971
60,43,6.72971
60,44,8.70904
60,45,7.38949
60,46,6.72971
60,47,6.06994
60,48,7.38949
60,49,10.0286
60,50,9.36882
60,51,10.0286
60,52,10.6884
60,53,10.0286
60,54,13.3275
60,55,14.647
60,56,13.9872
60,57,2.11128
60,58,6.72971
60,59,6.06994
60,60,1.45151
60,61,6.06994
60,62,5.41016
60,63,8.04926
60,64,8.04926
60,65,12.6677
60,66,12.0079
60,67,12.0079
60,68,12.0079
60,69,11.3481
60,70,10.0286
60,71,6.72971
60,72,6.06994
60,73,5.41016
60,74,4.75039
60,75,8.70904
60,76,8.04926
60,77,4.09061
60,78,3.43083
60,79,12.0079
61,1,12.0079
61,2,11.3481
61,3,11.3481
61,4,5.41016
61,5,4.75039
61,6,4.75039
61,7,4.09061
61,8,4.09061
61,9,3.43083
61,10,3.43083
61,11,4.09061
61,12,4.09061
61,13,5.41016
61,14,4.75039
61,15,6.72971
61,16,6.06994
61,17,2.77106
61,18,1.45151
61,19,2.11128
61,20,6.06994
61,21,7.38949
61,22,4.09061
61,23,2.77106
61,24,2.11128
61,25,2.77106
61,26,4.75039
61,27,4.09061
61,28,3.43083
61,29,4.09061
61,30,5.41016
61,31,5.41016
61,32,11.3481
61,33,6.06994
61,34,10.0286
61,35,9.36882
61,36,8.70904
61,37,8.04926
61,38,7.38949
61,39,8.04926
61,40,9.36882
61,41,8.70904
61,42,9.36882
61,43,10.0286
61,44,10.6884
61,45,10.0286
61,46,8.70904
61,47,8.70904
61,48,9.36882
61,49,11.3481
61,50,10.6884
61,51,11.3481
61,52,13.3275
61,53,12.6677
61,54,14.647
61,55,15.9666
61,56,15.3068
61,57,6.06994
61,58,6.06994
61,59,5.41016
61,60,6.06994
61,61,1.45151
61,62,1.45151
61,63,4.75039
61,64,10.6884
61,65,13.9872
61,66,13.3275
61,67,13.9872
61,68,13.3275
61,69,13.3275
61,70,12.6677
61,71,12.0079
61,72,11.3481
61,73,10.6884
61,74,8.70904
61,75,10.0286
61,76,9.36882
61,77,8.04926
61,78,7.38949
61,79,13.9872
62,1,10.0286
62,2,9.36882
62,3,9.36882
62,4,4.75039
62,5,4.09061
62,6,4.09061
62,7,3.43083
62,8,3.43083
62,9,2.77106
62,10,2.77106
62,11,3.43083
62,12,3.43083
62,13,4.75039
62,14,4.09061
62,15,6.06994
62,16,5.41016
62,17,2.11128
62,18,1.45151
62,19,1.45151
62,20,4.75039
62,21,4.09061
62,22,3.43083
62,23,2.11128
62,24,1.45151
62,25,2.11128
62,26,4.09061
62,27,3.43083
62,28,2.77106
62,29,3.43083
62,30,4.75039
62,31,4.75039
62,32,7.38949
62,33,5.41016
62,34,6.06994
62,35,5.41016
62,36,4.75039
62,37,4.75039
62,38,5.41016
62,39,6.06994
62,40,7.38949
62,41,6.72971
62,42,7.38949
62,43,8.04926
62,44,6.72971
62,45,8.04926
62,46,6.72971
62,47,5.41016
62,48,6.06994
62,49,8.04926
62,50,7.38949
62,51,8.04926
62,52,11.3481
62,53,10.6884
62,54,11.3481
62,55,12.6677
62,56,12.0079
62,57,5.41016
62,58,5.41016
62,59,4.75039
62,60,5.41016
62,61,1.45151
62,62,1.45151
62,63,4.09061
62,64,8.70904
62,65,10.6884
62,66,10.0286
62,67,10.6884
62,68,11.3481
62,69,11.3481
62,70,10.6884
62,71,11.3481
62,72,10.6884
62,73,10.0286
62,74,8.04926
62,75,9.36882
62,76,8.70904
62,77,7.38949
62,78,6.72971
62,79,12.0079
63,1,6.06994
63,2,6.72971
63,3,6.72971
63,4,7.38949
63,5,6.72971
63,6,6.72971
63,7,6.06994
63,8,6.06994
63,9,5.41016
63,10,5.41016
63,11,6.06994
63,12,6.06994
63,13,7.38949
63,14,8.04926
63,15,9.36882
63,16,8.70904
63,17,4.75039
63,18,3.43083
63,19,4.09061
63,20,4.75039
63,21,3.43083
63,22,2.77106
63,23,3.43083
63,24,2.77106
63,25,2.11128
63,26,2.11128
63,27,1.45151
63,28,1.45151
63,29,1.45151
63,30,6.72971
63,31,1.45151
63,32,2.11128
63,33,1.45151
63,34,1.45151
63,35,2.11128
63,36,2.77106
63,37,3.43083
63,38,4.09061
63,39,4.75039
63,40,6.72971
63,41,6.06994
63,42,6.06994
63,43,7.38949
63,44,4.75039
63,45,5.41016
63,46,4.09061
63,47,3.43083
63,48,4.09061
63,49,5.41016
63,50,4.75039
63,51,6.06994
63,52,8.04926
63,53,6.72971
63,54,9.36882
63,55,10.6884
63,56,10.0286
63,57,8.04926
63,58,8.04926
63,59,7.38949
63,60,8.04926
63,61,4.75039
63,62,4.09061
63,63,1.45151
63,64,6.06994
63,65,8.70904
63,66,8.04926
63,67,8.70904
63,68,8.70904
63,69,7.38949
63,70,8.04926
63,71,10.0286
63,72,9.36882
63,73,8.70904
63,74,11.3481
63,75,7.38949
63,76,10.0286
63,77,9.36882
63,78,8.70904
63,79,8.04926
64,1,1.45151
64,2,1.45151
64,3,1.45151
64,4,9.36882
64,5,11.3481
64,6,9.36882
64,7,9.36882
64,8,8.04926
64,9,8.70904
64,10,7.38949
64,11,6.72971
64,12,6.06994
64,13,7.38949
64,14,5.41016
64,15,9.36882
64,16,6.06994
64,17,7.38949
64,18,9.36882
64,19,8.70904
64,20,4.75039
64,21,3.43083
64,22,4.09061
64,23,4.75039
64,24,5.41016
64,25,5.41016
64,26,8.04926
64,27,7.38949
64,28,6.06994
64,29,6.72971
64,30,6.06994
64,31,5.41016
64,32,6.06994
64,33,5.41016
64,34,4.75039
64,35,4.09061
64,36,3.43083
64,37,2.77106
64,38,3.43083
64,39,3.43083
64,40,6.06994
64,41,2.11128
64,42,2.77106
64,43,1.45151
64,44,1.45151
64,45,1.45151
64,46,1.45151
64,47,2.77106
64,48,2.11128
64,49,2.11128
64,50,1.45151
64,51,2.77106
64,52,2.77106
64,53,2.11128
64,54,5.41016
64,55,6.72971
64,56,6.06994
64,57,8.70904
64,58,12.6677
64,59,12.0079
64,60,8.04926
64,61,10.6884
64,62,8.70904
64,63,6.06994
64,64,1.45151
64,65,4.75039
64,66,4.09061
64,67,4.09061
64,68,2.77106
64,69,2.77106
64,70,2.77106
64,71,4.75039
64,72,4.09061
64,73,3.43083
64,74,2.77106
64,75,1.45151
64,76,2.11128
64,77,2.77106
64,78,4.75039
64,79,2.77106
65,1,2.77106
65,2,3.43083
65,3,4.09061
65,4,13.9872
65,5,14.647
65,6,13.9872
65,7,13.9872
65,8,12.6677
65,9,13.3275
65,10,12.0079
65,11,11.3481
65,12,10.6884
65,13,12.0079
65,14,10.0286
65,15,13.9872
65,16,10.6884
65,17,12.6677
65,18,12.6677
65,19,12.0079
65,20,9.36882
65,21,7.38949
65,22,8.04926
65,23,8.70904
65,24,9.36882
65,25,8.70904
65,26,11.3481
65,27,10.6884
65,28,9.36882
65,29,10.0286
65,30,10.6884
65,31,8.04926
65,32,8.70904
65,33,8.04926
65,34,7.38949
65,35,6.72971
65,36,6.06994
65,37,6.72971
65,38,8.04926
65,39,8.04926
65,40,6.72971
65,41,6.72971
65,42,6.72971
65,43,6.06994
65,44,4.75039
65,45,5.41016
65,46,6.06994
65,47,5.41016
65,48,4.75039
65,49,3.43083
65,50,3.43083
65,51,2.77106
65,52,1.45151
65,53,2.11128
65,54,1.45151
65,55,2.77106
65,56,1.45151
65,57,13.3275
65,58,15.9666
65,59,15.3068
65,60,12.6677
65,61,13.9872
65,62,10.6884
65,63,8.70904
65,64,4.75039
65,65,1.45151
65,66,1.45151
65,67,1.45151
65,68,2.11128
65,69,2.77106
65,70,4.09061
65,71,5.41016
65,72,4.75039
65,73,4.09061
65,74,4.75039
65,75,5.41016
65,76,6.06994
65,77,6.72971
65,78,7.38949
65,79,1.45151
66,1,2.11128
66,2,2.77106
66,3,4.75039
66,4,13.3275
66,5,13.9872
66,6,13.3275
66,7,13.3275
66,8,12.0079
66,9,12.6677
66,10,11.3481
66,11,10.6884
66,12,10.0286
66,13,11.3481
66,14,9.36882
66,15,13.3275
66,16,10.0286
66,17,12.0079
66,18,12.0079
66,19,11.3481
66,20,8.70904
66,21,6.72971
66,22,7.38949
66,23,8.04926
66,24,8.70904
66,25,8.04926
66,26,10.6884
66,27,10.0286
66,28,8.70904
66,29,9.36882
66,30,10.0286
66,31,7.38949
66,32,8.04926
66,33,7.38949
66,34,6.72971
66,35,6.06994
66,36,5.41016
66,37,6.06994
66,38,7.38949
66,39,7.38949
66,40,6.06994
66,41,6.06994
66,42,6.06994
66,43,5.41016
66,44,4.09061
66,45,4.75039
66,46,5.41016
66,47,4.75039
66,48,4.09061
66,49,2.77106
66,50,2.77106
66,51,2.11128
66,52,1.45151
66,53,1.45151
66,54,1.45151
66,55,3.43083
66,56,2.11128
66,57,12.6677
66,58,15.3068
66,59,14.647
66,60,12.0079
66,61,13.3275
66,62,10.0286
66,63,8.04926
66,64,4.09061
66,65,1.45151
66,66,1.45151
66,67,1.45151
66,68,2.11128
66,69,2.11128
66,70,3.43083
66,71,4.75039
66,72,4.09061
66,73,3.43083
66,74,4.09061
66,75,4.75039
66,76,5.41016
66,77,6.06994
66,78,6.72971
66,79,1.45151
67,1,2.77106
67,2,3.43083
67,3,5.41016
67,4,13.3275
67,5,14.647
67,6,13.3275
67,7,13.3275
67,8,12.0079
67,9,12.6677
67,10,11.3481
67,11,10.6884
67,12,10.0286
67,13,11.3481
67,14,9.36882
67,15,13.3275
67,16,10.0286
67,17,11.3481
67,18,12.6677
67,19,12.0079
67,20,9.36882
67,21,7.38949
67,22,8.04926
67,23,8.70904
67,24,9.36882
67,25,8.70904
67,26,11.3481
67,27,10.6884
67,28,9.36882
67,29,10.0286
67,30,10.0286
67,31,8.04926
67,32,8.70904
67,33,8.04926
67,34,7.38949
67,35,6.72971
67,36,6.06994
67,37,6.72971
67,38,7.38949
67,39,7.38949
67,40,6.06994
67,41,6.06994
67,42,6.06994
67,43,5.41016
67,44,4.09061
67,45,4.75039
67,46,5.41016
67,47,5.41016
67,48,4.75039
67,49,3.43083
67,50,3.43083
67,51,2.77106
67,52,1.45151
67,53,2.11128
67,54,1.45151
67,55,2.77106
67,56,2.11128
67,57,12.6677
67,58,15.9666
67,59,15.3068
67,60,12.0079
67,61,13.9872
67,62,10.6884
67,63,8.70904
67,64,4.09061
67,65,1.45151
67,66,1.45151
67,67,1.45151
67,68,1.45151
67,69,2.11128
67,70,4.09061
67,71,4.75039
67,72,4.09061
67,73,3.43083
67,74,4.09061
67,75,5.41016
67,76,6.06994
67,77,6.72971
67,78,7.38949
67,79,2.11128
68,1,2.77106
68,2,2.11128
68,3,3.43083
68,4,14.647
68,5,15.3068
68,6,14.647
68,7,13.9872
68,8,13.3275
68,9,13.9872
68,10,12.6677
68,11,12.0079
68,12,11.3481
68,13,11.3481
68,14,10.6884
68,15,6.72971
68,16,9.36882
68,17,10.0286
68,18,12.0079
68,19,11.3481
68,20,7.38949
68,21,7.38949
68,22,8.04926
68,23,7.38949
68,24,8.04926
68,25,8.70904
68,26,11.3481
68,27,10.6884
68,28,9.36882
68,29,10.0286
68,30,8.70904
68,31,8.04926
68,32,8.70904
68,33,8.04926
68,34,7.38949
68,35,6.72971
68,36,6.06994
68,37,6.72971
68,38,6.06994
68,39,6.06994
68,40,9.36882
68,41,4.75039
68,42,6.06994
68,43,4.75039
68,44,4.09061
68,45,4.09061
68,46,4.09061
68,47,5.41016
68,48,4.75039
68,49,4.09061
68,50,4.09061
68,51,3.43083
68,52,2.11128
68,53,2.77106
68,54,2.77106
68,55,4.09061
68,56,3.43083
68,57,6.06994
68,58,16.6264
68,59,15.9666
68,60,12.0079
68,61,13.3275
68,62,11.3481
68,63,8.70904
68,64,2.77106
68,65,2.11128
68,66,2.11128
68,67,1.45151
68,68,1.45151
68,69,1.45151
68,70,1.45151
68,71,3.43083
68,72,2.77106
68,73,2.11128
68,74,2.77106
68,75,3.43083
68,76,4.09061
68,77,3.43083
68,78,4.09061
68,79,1.45151
69,1,1.45151
69,2,1.45151
69,3,2.77106
69,4,13.9872
69,5,14.647
69,6,13.9872
69,7,13.3275
69,8,12.6677
69,9,13.3275
69,10,12.0079
69,11,11.3481
69,12,10.6884
69,13,10.6884
69,14,10.0286
69,15,6.06994
69,16,8.70904
69,17,9.36882
69,18,12.0079
69,19,11.3481
69,20,7.38949
69,21,6.06994
69,22,6.72971
69,23,7.38949
69,24,8.04926
69,25,8.04926
69,26,10.6884
69,27,10.0286
69,28,8.70904
69,29,9.36882
69,30,8.04926
69,31,6.72971
69,32,7.38949
69,33,6.72971
69,34,6.06994
69,35,5.41016
69,36,4.75039
69,37,5.41016
69,38,6.06994
69,39,6.06994
69,40,7.38949
69,41,4.75039
69,42,6.06994
69,43,4.75039
69,44,2.77106
69,45,4.09061
69,46,4.09061
69,47,5.41016
69,48,3.43083
69,49,3.43083
69,50,2.77106
69,51,2.77106
69,52,1.45151
69,53,2.77106
69,54,3.43083
69,55,4.75039
69,56,4.09061
69,57,5.41016
69,58,15.9666
69,59,15.3068
69,60,11.3481
69,61,13.3275
69,62,11.3481
69,63,7.38949
69,64,2.77106
69,65,2.77106
69,66,2.11128
69,67,2.11128
69,68,1.45151
69,69,1.45151
69,70,1.45151
69,71,2.77106
69,72,2.11128
69,73,1.45151
69,74,2.11128
69,75,2.77106
69,76,3.43083
69,77,2.77106
69,78,3.43083
69,79,1.45151
70,1,1.45151
70,2,1.45151
70,3,1.45151
70,4,12.6677
70,5,13.3275
70,6,12.6677
70,7,12.0079
70,8,11.3481
70,9,12.0079
70,10,10.6884
70,11,10.0286
70,12,9.36882
70,13,9.36882
70,14,8.70904
70,15,5.41016
70,16,7.38949
70,17,8.04926
70,18,11.3481
70,19,10.6884
70,20,6.72971
70,21,5.41016
70,22,6.06994
70,23,6.72971
70,24,7.38949
70,25,7.38949
70,26,10.0286
70,27,9.36882
70,28,8.04926
70,29,8.70904
70,30,6.72971
70,31,7.38949
70,32,8.04926
70,33,7.38949
70,34,6.72971
70,35,6.06994
70,36,5.41016
70,37,4.75039
70,38,5.41016
70,39,7.38949
70,40,6.06994
70,41,4.75039
70,42,4.75039
70,43,3.43083
70,44,3.43083
70,45,2.77106
70,46,3.43083
70,47,4.75039
70,48,4.09061
70,49,3.43083
70,50,4.09061
70,51,2.77106
70,52,2.77106
70,53,2.77106
70,54,4.75039
70,55,6.72971
70,56,5.41016
70,57,4.75039
70,58,14.647
70,59,13.9872
70,60,10.0286
70,61,12.6677
70,62,10.6884
70,63,8.04926
70,64,2.77106
70,65,4.09061
70,66,3.43083
70,67,4.09061
70,68,1.45151
70,69,1.45151
70,70,1.45151
70,71,2.11128
70,72,1.45151
70,73,1.45151
70,74,1.45151
70,75,1.45151
70,76,2.11128
70,77,2.11128
70,78,2.77106
70,79,2.11128
71,1,3.43083
71,2,3.43083
71,3,3.43083
71,4,10.0286
71,5,10.6884
71,6,10.0286
71,7,9.36882
71,8,8.70904
71,9,9.36882
71,10,8.04926
71,11,7.38949
71,12,6.06994
71,13,6.06994
71,14,6.06994
71,15,5.41016
71,16,4.75039
71,17,8.04926
71,18,10.6884
71,19,8.70904
71,20,9.36882
71,21,10.0286
71,22,11.3481
71,23,10.6884
71,24,11.3481
71,25,9.36882
71,26,12.0079
71,27,11.3481
71,28,10.0286
71,29,10.6884
71,30,7.38949
71,31,9.36882
71,32,10.0286
71,33,9.36882
71,34,8.70904
71,35,8.04926
71,36,7.38949
71,37,9.36882
71,38,8.70904
71,39,8.04926
71,40,6.72971
71,41,6.72971
71,42,6.72971
71,43,5.41016
71,44,5.41016
71,45,4.75039
71,46,5.41016
71,47,6.72971
71,48,6.06994
71,49,6.72971
71,50,6.06994
71,51,6.06994
71,52,4.75039
71,53,4.75039
71,54,6.06994
71,55,7.38949
71,56,6.72971
71,57,4.75039
71,58,12.0079
71,59,11.3481
71,60,6.72971
71,61,12.0079
71,62,11.3481
71,63,10.0286
71,64,4.75039
71,65,5.41016
71,66,4.75039
71,67,4.75039
71,68,3.43083
71,69,2.77106
71,70,2.11128
71,71,1.45151
71,72,1.45151
71,73,1.45151
71,74,2.11128
71,75,2.77106
71,76,2.77106
71,77,2.77106
71,78,3.43083
71,79,3.43083
72,1,2.77106
72,2,2.77106
72,3,2.77106
72,4,9.36882
72,5,10.0286
72,6,9.36882
72,7,8.70904
72,8,8.04926
72,9,8.70904
72,10,7.38949
72,11,6.72971
72,12,5.41016
72,13,5.41016
72,14,5.41016
72,15,4.75039
72,16,4.09061
72,17,7.38949
72,18,10.0286
72,19,8.04926
72,20,8.70904
72,21,9.36882
72,22,10.6884
72,23,10.0286
72,24,10.6884
72,25,8.70904
72,26,11.3481
72,27,10.6884
72,28,9.36882
72,29,10.0286
72,30,6.72971
72,31,8.70904
72,32,9.36882
72,33,8.70904
72,34,8.04926
72,35,7.38949
72,36,6.72971
72,37,8.70904
72,38,8.04926
72,39,7.38949
72,40,6.06994
72,41,6.06994
72,42,6.06994
72,43,4.75039
72,44,4.75039
72,45,4.09061
72,46,4.75039
72,47,6.06994
72,48,5.41016
72,49,6.06994
72,50,5.41016
72,51,5.41016
72,52,4.09061
72,53,4.09061
72,54,5.41016
72,55,6.72971
72,56,6.06994
72,57,4.09061
72,58,11.3481
72,59,10.6884
72,60,6.06994
72,61,11.3481
72,62,10.6884
72,63,9.36882
72,64,4.09061
72,65,4.75039
72,66,4.09061
72,67,4.09061
72,68,2.77106
72,69,2.11128
72,70,1.45151
72,71,1.45151
72,72,1.45151
72,73,1.45151
72,74,1.45151
72,75,2.11128
72,76,2.11128
72,77,2.11128
72,78,2.77106
72,79,2.77106
73,1,2.11128
73,2,2.11128
73,3,2.11128
73,4,8.70904
73,5,9.36882
73,6,8.70904
73,7,8.04926
73,8,7.38949
73,9,8.04926
73,10,6.72971
73,11,6.06994
73,12,5.41016
73,13,4.75039
73,14,4.75039
73,15,4.09061
73,16,3.43083
73,17,6.72971
73,18,9.36882
73,19,7.38949
73,20,8.04926
73,21,8.70904
73,22,10.0286
73,23,9.36882
73,24,10.0286
73,25,8.04926
73,26,10.6884
73,27,10.0286
73,28,8.70904
73,29,9.36882
73,30,6.06994
73,31,8.04926
73,32,8.70904
73,33,8.04926
73,34,7.38949
73,35,6.72971
73,36,6.06994
73,37,8.04926
73,38,7.38949
73,39,6.72971
73,40,5.41016
73,41,5.41016
73,42,5.41016
73,43,4.09061
73,44,4.09061
73,45,3.43083
73,46,4.09061
73,47,5.41016
73,48,4.75039
73,49,5.41016
73,50,4.75039
73,51,4.75039
73,52,3.43083
73,53,3.43083
73,54,4.75039
73,55,6.06994
73,56,5.41016
73,57,3.43083
73,58,10.6884
73,59,10.0286
73,60,5.41016
73,61,10.6884
73,62,10.0286
73,63,8.70904
73,64,3.43083
73,65,4.09061
73,66,3.43083
73,67,3.43083
73,68,2.11128
73,69,1.45151
73,70,1.45151
73,71,1.45151
73,72,1.45151
73,73,1.45151
73,74,1.45151
73,75,1.45151
73,76,1.45151
73,77,1.45151
73,78,2.11128
73,79,2.11128
74,1,2.77106
74,2,2.77106
74,3,2.77106
74,4,8.04926
74,5,8.70904
74,6,8.04926
74,7,7.38949
74,8,6.72971
74,9,7.38949
74,10,6.06994
74,11,5.41016
74,12,4.75039
74,13,4.09061
74,14,4.09061
74,15,3.43083
74,16,2.77106
74,17,6.06994
74,18,8.70904
74,19,6.72971
74,20,8.04926
74,21,8.70904
74,22,10.0286
74,23,9.36882
74,24,10.0286
74,25,10.6884
74,26,13.3275
74,27,12.6677
74,28,12.0079
74,29,11.3481
74,30,4.09061
74,31,10.6884
74,32,12.6677
74,33,12.0079
74,34,11.3481
74,35,9.36882
74,36,10.0286
74,37,8.04926
74,38,7.38949
74,39,6.72971
74,40,5.41016
74,41,5.41016
74,42,5.41016
74,43,4.09061
74,44,4.09061
74,45,3.43083
74,46,7.38949
74,47,8.70904
74,48,4.75039
74,49,6.06994
74,50,5.41016
74,51,5.41016
74,52,4.09061
74,53,4.09061
74,54,5.41016
74,55,6.72971
74,56,6.06994
74,57,2.77106
74,58,10.0286
74,59,9.36882
74,60,4.75039
74,61,8.70904
74,62,8.04926
74,63,11.3481
74,64,2.77106
74,65,4.75039
74,66,4.09061
74,67,4.09061
74,68,2.77106
74,69,2.11128
74,70,1.45151
74,71,2.11128
74,72,1.45151
74,73,1.45151
74,74,1.45151
74,75,2.11128
74,76,2.11128
74,77,1.45151
74,78,1.45151
74,79,2.77106
75,1,2.11128
75,2,2.77106
75,3,1.45151
75,4,11.3481
75,5,12.0079
75,6,11.3481
75,7,10.6884
75,8,10.0286
75,9,10.6884
75,10,9.36882
75,11,8.70904
75,12,8.04926
75,13,8.04926
75,14,7.38949
75,15,4.09061
75,16,6.06994
75,17,6.72971
75,18,8.70904
75,19,7.38949
75,20,7.38949
75,21,4.75039
75,22,5.41016
75,23,8.70904
75,24,9.36882
75,25,6.72971
75,26,9.36882
75,27,8.70904
75,28,7.38949
75,29,8.04926
75,30,5.41016
75,31,6.72971
75,32,7.38949
75,33,6.72971
75,34,6.06994
75,35,5.41016
75,36,4.75039
75,37,4.09061
75,38,6.72971
75,39,6.06994
75,40,4.75039
75,41,4.75039
75,42,4.75039
75,43,2.77106
75,44,2.77106
75,45,2.11128
75,46,2.77106
75,47,4.09061
75,48,3.43083
75,49,4.09061
75,50,3.43083
75,51,3.43083
75,52,4.09061
75,53,4.09061
75,54,6.06994
75,55,7.38949
75,56,6.72971
75,57,3.43083
75,58,13.3275
75,59,12.6677
75,60,8.70904
75,61,10.0286
75,62,9.36882
75,63,7.38949
75,64,1.45151
75,65,5.41016
75,66,4.75039
75,67,5.41016
75,68,3.43083
75,69,2.77106
75,70,1.45151
75,71,2.77106
75,72,2.11128
75,73,1.45151
75,74,2.11128
75,75,1.45151
75,76,1.45151
75,77,1.45151
75,78,1.45151
75,79,3.43083
76,1,2.77106
76,2,3.43083
76,3,1.45151
76,4,10.6884
76,5,11.3481
76,6,10.6884
76,7,10.0286
76,8,9.36882
76,9,10.0286
76,10,8.70904
76,11,8.04926
76,12,7.38949
76,13,7.38949
76,14,6.72971
76,15,6.06994
76,16,5.41016
76,17,6.06994
76,18,8.04926
76,19,6.72971
76,20,6.72971
76,21,7.38949
76,22,8.70904
76,23,8.04926
76,24,8.70904
76,25,9.36882
76,26,12.0079
76,27,11.3481
76,28,10.6884
76,29,10.0286
76,30,4.75039
76,31,9.36882
76,32,11.3481
76,33,10.6884
76,34,10.0286
76,35,8.04926
76,36,8.70904
76,37,6.72971
76,38,6.06994
76,39,5.41016
76,40,4.09061
76,41,4.09061
76,42,4.09061
76,43,3.43083
76,44,3.43083
76,45,2.77106
76,46,6.06994
76,47,7.38949
76,48,4.09061
76,49,4.75039
76,50,4.09061
76,51,4.09061
76,52,4.75039
76,53,4.75039
76,54,6.72971
76,55,8.04926
76,56,7.38949
76,57,5.41016
76,58,12.6677
76,59,12.0079
76,60,8.04926
76,61,9.36882
76,62,8.70904
76,63,10.0286
76,64,2.11128
76,65,6.06994
76,66,5.41016
76,67,6.06994
76,68,4.09061
76,69,3.43083
76,70,2.11128
76,71,2.77106
76,72,2.11128
76,73,1.45151
76,74,2.11128
76,75,1.45151
76,76,1.45151
76,77,1.45151
76,78,2.11128
76,79,4.09061
77,1,3.43083
77,2,4.09061
77,3,2.11128
77,4,7.38949
77,5,8.04926
77,6,7.38949
77,7,6.72971
77,8,6.06994
77,9,6.72971
77,10,5.41016
77,11,4.75039
77,12,4.09061
77,13,3.43083
77,14,3.43083
77,15,2.77106
77,16,2.11128
77,17,5.41016
77,18,8.04926
77,19,6.06994
77,20,6.06994
77,21,6.72971
77,22,8.04926
77,23,7.38949
77,24,8.04926
77,25,8.70904
77,26,11.3481
77,27,10.6884
77,28,10.0286
77,29,9.36882
77,30,4.09061
77,31,8.70904
77,32,10.6884
77,33,10.0286
77,34,9.36882
77,35,7.38949
77,36,8.04926
77,37,6.06994
77,38,5.41016
77,39,4.75039
77,40,3.43083
77,41,3.43083
77,42,3.43083
77,43,4.09061
77,44,4.09061
77,45,4.09061
77,46,5.41016
77,47,6.72971
77,48,4.75039
77,49,5.41016
77,50,4.75039
77,51,4.75039
77,52,5.41016
77,53,5.41016
77,54,7.38949
77,55,8.70904
77,56,8.04926
77,57,2.11128
77,58,9.36882
77,59,8.70904
77,60,4.09061
77,61,8.04926
77,62,7.38949
77,63,9.36882
77,64,2.77106
77,65,6.72971
77,66,6.06994
77,67,6.72971
77,68,3.43083
77,69,2.77106
77,70,2.11128
77,71,2.77106
77,72,2.11128
77,73,1.45151
77,74,1.45151
77,75,1.45151
77,76,1.45151
77,77,1.45151
77,78,1.45151
77,79,4.75039
78,1,6.06994
78,2,4.75039
78,3,2.77106
78,4,6.72971
78,5,7.38949
78,6,6.72971
78,7,6.06994
78,8,5.41016
78,9,6.06994
78,10,4.75039
78,11,4.09061
78,12,3.43083
78,13,2.77106
78,14,2.77106
78,15,2.11128
78,16,1.45151
78,17,4.75039
78,18,7.38949
78,19,5.41016
78,20,5.41016
78,21,6.06994
78,22,7.38949
78,23,6.72971
78,24,7.38949
78,25,8.04926
78,26,10.6884
78,27,10.0286
78,28,9.36882
78,29,8.70904
78,30,3.43083
78,31,8.04926
78,32,10.0286
78,33,9.36882
78,34,8.70904
78,35,6.72971
78,36,7.38949
78,37,5.41016
78,38,4.75039
78,39,4.09061
78,40,2.77106
78,41,2.77106
78,42,2.77106
78,43,3.43083
78,44,5.41016
78,45,3.43083
78,46,4.75039
78,47,6.06994
78,48,4.09061
78,49,6.72971
78,50,6.06994
78,51,6.72971
78,52,6.06994
78,53,6.06994
78,54,8.04926
78,55,9.36882
78,56,8.70904
78,57,1.45151
78,58,8.70904
78,59,8.04926
78,60,3.43083
78,61,7.38949
78,62,6.72971
78,63,8.70904
78,64,4.75039
78,65,7.38949
78,66,6.72971
78,67,7.38949
78,68,4.09061
78,69,3.43083
78,70,2.77106
78,71,3.43083
78,72,2.77106
78,73,2.11128
78,74,1.45151
78,75,1.45151
78,76,2.11128
78,77,1.45151
78,78,1.45151
78,79,5.41016
79,1,2.11128
79,2,2.11128
79,3,3.43083
79,4,14.647
79,5,15.3068
79,6,14.647
79,7,13.9872
79,8,13.3275
79,9,13.9872
79,10,12.6677
79,11,12.0079
79,12,11.3481
79,13,11.3481
79,14,10.6884
79,15,10.0286
79,16,9.36882
79,17,10.0286
79,18,12.6677
79,19,12.0079
79,20,8.04926
79,21,6.72971
79,22,7.38949
79,23,8.04926
79,24,8.70904
79,25,8.04926
79,26,10.6884
79,27,10.0286
79,28,8.70904
79,29,9.36882
79,30,8.70904
79,31,7.38949
79,32,8.04926
79,33,7.38949
79,34,6.72971
79,35,6.06994
79,36,5.41016
79,37,6.06994
79,38,6.72971
79,39,6.72971
79,40,9.36882
79,41,5.41016
79,42,6.06994
79,43,4.75039
79,44,3.43083
79,45,4.09061
79,46,4.75039
79,47,4.75039
79,48,4.09061
79,49,3.43083
79,50,3.43083
79,51,2.77106
79,52,1.45151
79,53,2.11128
79,54,2.11128
79,55,4.75039
79,56,2.77106
79,57,9.36882
79,58,16.6264
79,59,15.9666
79,60,12.0079
79,61,13.9872
79,62,12.0079
79,63,8.04926
79,64,2.77106
79,65,1.45151
79,66,1.45151
79,67,2.11128
79,68,1.45151
79,69,1.45151
79,70,2.11128
79,71,3.43083
79,72,2.77106
79,73,2.11128
79,74,2.77106
79,75,3.43083
79,76,4.09061
79,77,4.75039
79,78,5.41016
79,79,1.45151
